Player	Team	Age	G	GS	CG	SHO	IP	H	ER	K	BB	HR	W	L	SV	BS	HLD	ERA	WHIP
Zack Wheeler	PHI	31	32	32	3	2	213.1	169	66	247	46	16	14	10	0	0	0	2.78	1.01
Walker Buehler	LAD	27	33	33	0	0	207.2	149	57	212	52	19	16	4	0	0	0	2.47	0.97
Adam Wainwright	STL	40	32	32	3	1	206.1	168	70	174	50	21	17	7	0	0	0	3.05	1.06
Sandy Alcantara	MIA	26	33	33	1	0	205.2	171	73	201	50	21	9	15	0	0	0	3.19	1.07
Robbie Ray	TOR	30	32	32	0	0	193.1	150	61	248	52	33	13	7	0	0	0	2.84	1.04
Kevin Gausman	SF	31	33	33	0	0	192	150	60	227	50	20	14	6	0	0	0	2.81	1.04
Luis Castillo	CIN	29	33	33	0	0	187.2	181	83	192	75	19	8	16	0	0	0	3.98	1.36
Frankie Montas	OAK	29	32	32	0	0	187	164	70	207	57	20	13	9	0	0	0	3.37	1.18
Julio Urias	LAD	25	32	32	0	0	185.2	151	61	195	38	19	20	3	0	0	0	2.96	1.02
Charlie Morton	ATL	38	33	33	0	0	185.2	136	69	216	58	16	14	6	0	0	0	3.34	1.04
Nathan Eovaldi	BOS	32	32	32	0	0	182.1	182	76	195	35	15	11	9	0	0	0	3.75	1.19
Gerrit Cole	NYY	31	30	30	2	1	181.1	151	65	243	41	24	16	8	0	0	0	3.23	1.06
Joe Musgrove	SD	29	32	31	2	2	181.1	142	64	203	54	22	11	9	0	0	0	3.18	1.08
Kyle Hendricks	CHC	32	32	32	1	0	181	200	96	131	44	31	14	7	0	0	0	4.77	1.35
Aaron Nola	PHI	28	32	32	1	1	180.2	165	93	223	39	26	9	9	0	0	0	4.63	1.13
Tyler Mahle	CIN	27	33	33	0	0	180	158	75	210	64	24	13	6	0	0	0	3.75	1.23
German Marquez	COL	27	32	32	3	1	180	165	88	176	64	21	12	11	0	0	0	4.4	1.27
Jordan Lyles	TEX	31	32	30	0	0	180	194	103	146	56	38	10	13	0	0	0	5.15	1.39
Chris Flexen	SEA	27	31	31	0	0	179.2	185	72	125	40	19	14	6	0	0	0	3.61	1.25
Brandon Woodruff	MIL	29	30	30	0	0	179.1	130	51	211	43	18	9	10	0	0	0	2.56	0.96
Sean Manaea	OAK	30	32	32	2	2	179.1	179	78	194	41	25	11	10	0	0	0	3.91	1.23
Marcus Stroman	NYM	30	33	33	0	0	179	161	60	158	44	17	10	13	0	0	0	3.02	1.15
Lucas Giolito	CWS	27	31	31	1	0	178.2	145	70	201	52	27	11	9	0	0	0	3.53	1.1
Cole Irvin	OAK	28	32	32	0	0	178.1	195	84	125	42	23	10	15	0	0	0	4.24	1.33
Patrick Corbin	WAS	32	31	31	0	0	171.2	192	111	143	60	37	9	16	0	0	0	5.82	1.47
Zack Greinke	HOU	38	30	29	1	0	171	164	79	120	36	30	11	6	0	0	1	4.16	1.17
Hyun Jin Ryu	TOR	35	31	31	1	1	169	170	82	143	37	24	14	10	0	0	0	4.37	1.22
Anthony DeSclafani	SF	31	31	31	2	2	167.2	141	59	152	42	19	13	7	0	0	0	3.17	1.09
Corbin Burnes	MIL	27	28	28	0	0	167	123	45	234	34	7	11	5	0	0	0	2.43	0.94
Yu Darvish	SD	35	30	30	0	0	166.1	138	78	199	44	28	8	11	0	0	0	4.22	1.09
Max Fried	ATL	28	28	28	2	2	165.2	139	56	158	41	15	14	7	0	0	0	3.04	1.09
Dylan Cease	CWS	26	32	32	1	1	165.2	139	72	226	68	20	13	7	0	0	0	3.91	1.25
Wade Miley	CIN	35	28	28	1	1	163	166	61	125	50	17	12	7	0	0	0	3.37	1.33
Lance McCullers	HOU	28	28	28	0	0	162.1	122	57	185	76	13	13	5	0	0	0	3.16	1.22
Dallas Keuchel	CWS	34	32	30	0	0	162	189	95	95	59	25	9	9	0	0	0	5.28	1.53
Taijuan Walker	NYM	29	30	29	0	0	159	133	79	146	55	26	7	11	0	0	0	4.47	1.18
Mike Minor	KC	34	28	28	0	0	158.2	156	89	149	41	26	8	12	0	0	0	5.05	1.24
Merrill Kelly	ARI	33	27	27	0	0	158	163	78	130	41	21	7	11	0	0	0	4.44	1.29
Eduardo Rodriguez	BOS	28	32	31	0	0	157.2	172	83	185	47	19	13	8	0	0	0	4.74	1.39
Jordan Montgomery	NYY	29	30	30	0	0	157.1	150	67	162	51	19	6	7	0	0	0	3.83	1.28
Chris Bassitt	OAK	33	27	27	1	1	157.1	127	55	159	39	15	12	4	0	0	0	3.15	1.06
Yusei Kikuchi	SEA	30	29	29	0	0	157	145	77	163	62	27	7	9	0	0	0	4.41	1.32
Lance Lynn	CWS	34	28	28	1	1	157	123	47	176	45	18	11	6	0	0	0	2.69	1.07
Antonio Senzatela	COL	27	28	28	0	0	156.2	178	77	105	32	12	4	10	0	0	0	4.42	1.34
Luis Garcia2	HOU	25	30	28	0	0	155.1	133	60	167	50	19	11	8	0	0	0	3.48	1.18
Nick Pivetta	BOS	29	31	30	0	0	155	137	78	175	65	24	9	8	1	0	0	4.53	1.3
Ryan Yarbrough	TB	30	30	21	1	0	155	163	88	117	27	25	9	7	0	0	0	5.11	1.23
Steven Matz	TOR	30	29	29	0	0	150.2	158	64	144	43	18	14	7	0	0	0	3.82	1.33
Casey Mize	DET	24	30	30	1	0	150.1	130	62	118	41	24	7	9	0	0	0	3.71	1.14
Cal Quantrill	CLE	27	40	22	0	0	149.2	129	48	121	47	16	8	3	0	0	1	2.89	1.18
Tarik Skubal	DET	25	31	29	0	0	149.1	141	72	164	47	35	8	12	0	0	0	4.34	1.26
Jon Gray	COL	30	29	29	0	0	149	140	76	157	58	21	8	12	0	0	0	4.59	1.33
Logan Webb	SF	25	27	26	0	0	148.1	128	50	158	36	9	11	3	0	0	1	3.03	1.11
Zach Davies	CHC	29	32	32	0	0	148	162	95	114	75	25	6	12	0	0	0	5.78	1.6
John Means	BAL	28	26	26	1	1	146.2	125	59	134	26	30	6	9	0	0	0	3.62	1.03
Madison Bumgarner	ARI	32	26	26	1	1	146.1	134	76	124	39	24	7	10	0	0	0	4.67	1.18
Freddy Peralta	MIL	25	28	27	1	0	144.1	84	45	195	56	14	10	5	0	0	0	2.81	0.97
Jameson Taillon	NYY	30	29	29	0	0	144.1	130	69	140	44	24	8	6	0	0	0	4.3	1.21
Marco Gonzales	SEA	30	25	25	1	0	143.1	125	63	108	42	29	10	6	0	0	0	3.96	1.17
Zach Plesac	CLE	27	25	25	0	0	142.2	137	74	100	34	23	10	6	0	0	0	4.67	1.2
Adrian Houser	MIL	29	28	26	1	1	142.1	118	51	105	64	12	10	6	0	0	0	3.22	1.28
Mike Foltynewicz	TEX	30	28	24	0	0	139	139	84	97	36	35	2	12	0	0	0	5.44	1.26
Alex Wood	SF	31	26	26	0	0	138.2	125	59	152	39	14	10	4	0	0	0	3.83	1.18
Garrett Richards	BOS	33	40	22	0	0	136.2	158	74	115	60	19	7	8	3	0	2	4.87	1.6
Sonny Gray	CIN	32	26	26	0	0	135.1	115	63	155	50	19	7	9	0	0	0	4.19	1.22
Framber Valdez	HOU	28	22	22	1	0	134.2	110	47	125	58	12	11	6	0	0	0	3.14	1.25
Brad Keller	KC	26	26	26	0	0	133.2	158	80	120	64	18	8	12	0	0	0	5.39	1.66
Erick Fedde	WAS	29	29	27	0	0	133.1	144	81	128	48	23	7	9	0	1	0	5.47	1.44
Trevor Rogers	MIA	24	25	25	0	0	133	107	39	157	46	6	7	8	0	0	0	2.64	1.15
Carlos Rodon	CWS	29	24	24	1	1	132.2	91	35	185	36	13	13	5	0	0	0	2.37	0.96
Kris Bubic	KC	24	29	20	0	0	130	121	64	114	59	22	6	7	0	0	0	4.43	1.38
Blake Snell	SD	29	27	27	0	0	128.2	101	60	170	69	16	7	6	0	0	0	4.2	1.32
Brady Singer	KC	25	27	27	1	0	128.1	146	70	131	53	14	5	10	0	0	0	4.91	1.55
Ian Anderson	ATL	23	24	24	0	0	128.1	105	51	124	53	16	9	5	0	0	0	3.58	1.23
Matt Harvey	BAL	33	28	28	0	0	127.2	160	89	95	37	19	6	14	0	0	0	6.27	1.54
Drew Smyly	ATL	32	29	23	0	0	126.2	133	63	117	41	27	11	4	0	0	0	4.48	1.37
Adbert Alzolay	CHC	27	29	21	0	0	125.2	112	64	128	34	25	5	13	1	0	0	4.58	1.16
Michael Wacha	TB	30	29	23	0	0	124.2	132	70	121	31	23	3	5	0	0	1	5.05	1.31
Kolby Allard	TEX	24	32	17	0	0	124.2	128	75	104	31	29	3	12	0	0	1	5.41	1.28
Aaron Civale	CLE	26	21	21	0	0	124.1	108	53	99	31	23	12	5	0	0	0	3.84	1.12
JT Brubaker	PIT	28	24	24	0	0	124.1	123	74	129	38	28	5	13	0	0	0	5.36	1.29
Shane McClanahan	TB	24	25	25	0	0	123.1	120	47	141	37	14	10	6	0	0	0	3.43	1.27
Clayton Kershaw	LAD	34	22	22	0	0	121.2	103	48	144	21	15	10	8	0	0	0	3.55	1.02
Jose Berrios	MIN	27	20	20	1	0	121.2	95	47	126	32	14	7	5	0	0	0	3.48	1.04
Jorge Lopez	BAL	29	33	25	0	0	121.2	142	82	112	56	21	3	14	0	1	2	6.07	1.63
Zac Gallen	ARI	26	23	23	1	1	121.1	108	58	139	49	19	4	10	0	0	0	4.3	1.29
Kyle Freeland	COL	28	23	23	0	0	120.2	133	58	105	38	20	7	8	0	0	0	4.33	1.42
Triston McKenzie	CLE	24	25	24	0	0	120	84	66	136	58	21	5	9	0	0	0	4.95	1.18
James Kaprielian	OAK	28	24	21	0	0	119.1	105	54	123	41	19	8	5	0	0	0	4.07	1.22
Logan Gilbert	SEA	24	24	24	0	0	119.1	112	62	128	28	17	6	5	0	0	0	4.68	1.17
Alec Mills	CHC	30	32	20	0	0	119	137	67	87	34	16	6	7	1	0	0	5.07	1.44
Eric Lauer	MIL	26	24	20	0	0	118.2	94	42	117	41	16	7	5	0	0	0	3.19	1.14
Dane Dunning	TEX	27	27	25	0	0	117.2	126	59	114	43	13	5	10	0	0	0	4.51	1.44
Wil Crowe	PIT	27	26	25	0	0	116.2	126	71	111	57	25	4	8	0	0	0	5.48	1.57
Austin Gomber	COL	28	23	23	0	0	115.1	102	58	113	41	20	9	9	0	0	0	4.53	1.24
Johnny Cueto	SF	36	22	21	0	0	114.2	127	52	98	30	15	7	7	0	0	0	4.08	1.37
Vladimir Gutierrez	CIN	26	22	22	0	0	114	115	60	88	46	20	9	6	0	0	0	4.74	1.41
Martin Perez	BOS	31	36	22	0	0	114	136	60	97	36	19	7	8	0	0	1	4.74	1.51
Caleb Smith	ARI	30	45	13	0	0	113.2	93	61	124	63	20	4	9	0	2	2	4.83	1.37
Kyle Gibson	TEX	34	19	19	0	0	113	92	36	94	41	9	6	3	0	0	0	2.87	1.18
Alek Manoah	TOR	24	20	20	0	0	111.2	77	40	127	40	12	9	2	0	0	0	3.22	1.05
Max Scherzer	WAS	37	19	19	1	0	111	71	34	147	28	18	8	4	0	0	0	2.76	0.89
Paolo Espino	WAS	35	35	19	0	0	109.2	108	52	92	25	19	5	5	1	0	0	4.27	1.21
Michael Pineda	MIN	33	22	21	0	0	109.1	114	44	88	21	17	9	8	0	0	0	3.62	1.23
Chris Paddack	SD	26	23	22	0	0	108.1	115	61	99	22	15	7	7	0	0	0	5.07	1.26
Joe Ross	WAS	28	20	19	0	0	108	98	50	109	34	17	5	9	0	0	0	4.17	1.22
Trevor Bauer	LAD	31	17	17	1	0	107.2	71	31	137	37	19	8	5	0	0	0	2.59	1
Jose Urquidy	HOU	26	20	20	0	0	107	87	43	90	19	17	8	3	0	0	0	3.62	0.99
Kwang Hyun Kim	STL	33	27	21	0	0	106.2	98	41	80	39	12	7	7	1	0	0	3.46	1.28
Tyler Alexander	DET	27	41	15	0	0	106.1	106	45	87	28	16	2	4	0	0	3	3.81	1.26
Kenta Maeda	MIN	33	21	21	0	0	106.1	106	55	113	32	16	6	5	0	0	0	4.66	1.3
Ranger Suarez	PHI	26	39	12	1	1	106	73	16	107	33	4	8	5	4	3	0	1.36	1
Zach Eflin	PHI	27	18	18	0	0	105.2	116	49	99	16	15	4	7	0	0	0	4.17	1.25
Jake Odorizzi	HOU	32	24	23	0	0	104.2	97	49	91	34	16	6	7	0	0	0	4.21	1.25
Taylor Hearn	TEX	27	42	11	0	0	104.1	96	54	92	42	17	6	6	0	1	1	4.66	1.32
Josh Fleming	TB	25	26	11	0	0	104.1	110	59	65	31	11	10	8	1	0	3	5.09	1.35
Tyler Anderson	PIT	32	18	18	0	0	103.1	99	50	86	25	16	5	8	0	0	0	4.35	1.2
Pablo Lopez	MIA	26	20	20	0	0	102.2	89	35	115	26	11	5	5	0	0	0	3.07	1.12
Chi Chi Gonzalez	COL	30	24	18	0	0	101.2	127	73	56	28	18	3	7	0	0	0	6.46	1.52
Ross Stripling	TOR	32	24	19	0	0	101.1	99	54	94	30	23	5	7	0	0	0	4.8	1.27
Cristian Javier	HOU	25	36	9	0	0	101.1	67	40	130	53	16	4	1	2	2	5	3.55	1.18
Mitch Keller	PIT	26	23	23	0	0	100.2	131	69	92	49	10	5	11	0	0	0	6.17	1.79
Jose Urena	DET	30	26	18	0	0	100.2	119	65	67	42	14	4	8	0	0	1	5.81	1.6
Domingo German	NYY	29	22	18	0	0	98.1	89	50	98	27	17	4	5	0	0	1	4.58	1.18
Jose Suarez	LAA	24	23	14	1	0	98.1	85	41	85	36	11	8	8	0	0	0	3.75	1.23
J.A. Happ	MIN	39	19	19	0	0	98.1	125	74	77	31	21	5	6	0	0	0	6.77	1.59
Shane Bieber	CLE	26	16	16	0	0	96.2	84	34	134	33	11	7	4	0	0	0	3.17	1.21
Brett Anderson	MIL	34	24	24	0	0	96	102	45	58	28	11	4	9	0	0	0	4.22	1.35
Rich Hill	TB	42	19	19	0	0	95.1	75	41	91	36	14	6	4	0	0	0	3.87	1.16
Keegan Akin	BAL	27	24	17	0	0	95	110	70	82	40	17	2	10	0	0	0	6.63	1.58
Ryan Weathers	SD	22	30	18	0	0	94.2	101	56	72	30	20	4	7	1	0	0	5.32	1.38
Andrew Heaney	LAA	30	18	18	0	0	94	92	55	113	31	16	6	7	0	0	0	5.27	1.31
Wily Peralta	DET	32	19	18	0	0	93.2	87	32	58	38	12	4	5	0	0	1	3.07	1.33
Alex Cobb	LAA	34	18	18	0	0	93.1	85	39	98	33	5	8	3	0	0	0	3.76	1.26
Nestor Cortes	NYY	27	22	14	0	0	93	75	30	103	25	14	2	3	0	0	0	2.9	1.08
Bailey Ober	MIN	26	20	20	0	0	92.1	92	43	96	19	20	3	3	0	0	0	4.19	1.2
Jacob deGrom	NYM	33	15	15	1	1	92	40	11	146	11	6	7	2	0	0	0	1.08	0.55
Huascar Ynoa	ATL	23	18	17	0	0	91	76	41	100	25	14	4	6	0	0	0	4.05	1.11
Dylan Bundy	LAA	29	23	19	0	0	90.2	89	61	84	34	20	2	9	0	0	0	6.06	1.36
Tylor Megill	NYM	26	18	18	1	0	89.2	88	45	99	27	19	4	6	0	0	0	4.52	1.28
Eli Morgan	CLE	25	18	18	0	0	89.1	90	53	81	22	20	5	7	0	0	0	5.34	1.25
Craig Stammen	SD	38	67	4	0	0	88.1	79	30	83	13	13	6	3	1	1	7	3.06	1.04
Tyler Glasnow	TB	28	14	14	0	0	88	55	26	123	27	10	5	2	0	0	0	2.66	0.93
Patrick Sandoval	LAA	25	17	14	0	0	87	69	35	94	36	11	3	6	1	0	0	3.62	1.21
Matt Peacock	ARI	28	35	8	0	0	86.1	107	47	50	28	13	5	7	0	0	0	4.9	1.56
Jake Arrieta	CHC	36	20	20	0	0	86.1	113	66	74	39	21	5	11	0	0	0	6.88	1.76
Carlos Hernandez	KC	25	24	11	0	0	85.2	69	35	74	41	7	6	2	0	0	0	3.68	1.28
Matt Manning	DET	24	18	18	0	0	85.1	96	55	57	33	10	4	7	0	0	0	5.8	1.51
Chad Green	NYY	30	67	0	0	0	83.2	57	29	99	17	14	10	7	6	6	19	3.12	0.88
Carlos Martinez	STL	30	16	16	0	0	82.1	77	57	57	36	8	4	9	0	0	0	6.23	1.37
Griffin Jax	MIN	27	18	14	0	0	82	82	58	65	29	23	4	5	0	0	0	6.37	1.35
Vince Velasquez	PHI	29	21	17	0	0	81.2	76	54	85	45	17	3	6	0	0	0	5.95	1.48
Nabil Crismatt	SD	27	45	0	0	0	81.1	87	34	71	24	10	3	1	0	0	1	3.76	1.36
Tyler Rogers	SF	31	80	0	0	0	81	74	20	55	13	5	7	1	13	6	30	2.22	1.07
Giovanny Gallegos	STL	30	73	0	0	0	80.1	51	27	95	20	6	6	5	14	8	24	3.02	0.88
Chad Kuhl	PIT	29	28	14	0	0	80.1	73	43	75	42	13	5	7	0	2	4	4.82	1.43
Justus Sheffield	SEA	25	21	15	0	0	80.1	105	61	63	43	14	7	8	0	0	0	6.83	1.84
Corey Kluber	NYY	35	16	16	1	1	80	74	34	82	33	8	5	3	0	0	0	3.83	1.34
Chris Stratton	PIT	31	68	0	0	0	79.1	70	32	86	33	9	7	1	8	5	8	3.63	1.3
Matthew Boyd	DET	31	15	15	0	0	78.2	77	34	67	23	9	3	8	0	0	0	3.89	1.27
Jack Flaherty	STL	26	17	15	0	0	78.1	57	28	85	26	12	9	2	0	0	0	3.22	1.06
Yusmeiro Petit	OAK	37	78	0	0	0	78	69	34	37	12	12	8	3	2	6	22	3.92	1.04
Luis Patino	TB	22	19	15	0	0	77.1	69	37	74	29	12	5	3	0	0	0	4.31	1.27
Bryan Shaw	CLE	34	81	0	0	0	77.1	69	30	71	38	10	6	7	2	6	20	3.49	1.38
John Gant	STL	29	25	14	0	0	76.1	64	29	56	56	6	4	6	0	0	1	3.42	1.57
Jon Lester	WAS	38	16	16	0	0	75.1	91	42	51	29	14	3	5	0	0	0	5.02	1.59
Zach Thompson	MIA	28	26	14	0	0	75	63	27	66	28	6	3	7	0	0	0	3.24	1.21
Mike Mayers	LAA	30	72	2	0	0	75	71	32	90	26	11	5	5	2	3	17	3.84	1.29
Hector Neris	PHI	32	74	0	0	0	74.1	55	30	98	32	12	4	7	12	7	11	3.63	1.17
Scott Barlow	KC	29	71	0	0	0	74.1	61	20	91	28	4	5	3	16	6	14	2.42	1.2
Lou Trivino	OAK	30	71	0	0	0	73.2	58	26	67	34	5	7	8	22	4	8	3.18	1.25
David Price	LAD	36	39	11	0	0	73.2	79	33	58	26	8	5	2	1	0	1	4.03	1.43
Garrett Whitlock	BOS	25	46	0	0	0	73.1	64	16	81	17	6	8	4	2	3	15	1.96	1.1
Brent Suter	MIL	32	61	1	0	0	73.1	72	25	69	24	9	12	5	1	8	8	3.07	1.31
Jeff Hoffman	CIN	29	31	11	0	0	73	70	37	79	45	12	3	5	0	0	2	4.56	1.58
Matt Moore	PHI	32	24	13	0	0	73	78	51	63	38	15	2	4	0	0	1	6.29	1.59
Duane Underwood	PIT	27	43	0	0	0	72.2	77	35	65	27	9	2	3	0	0	2	4.33	1.43
Lucas Luetge	NYY	35	57	1	0	0	72.1	67	22	78	15	6	4	2	1	2	3	2.74	1.13
Blake Treinen	LAD	33	72	0	0	0	72.1	46	16	85	25	5	6	5	7	4	32	1.99	0.98
Alex Reyes	STL	27	69	0	0	0	72.1	46	26	95	52	9	10	8	29	5	3	3.24	1.35
Andrew Kittredge	TB	32	57	4	0	0	71.2	55	15	77	15	7	9	3	8	1	7	1.88	0.98
Liam Hendriks	CWS	33	69	0	0	0	71	45	20	113	7	11	8	3	38	6	0	2.54	0.73
Jonathan Loaisiga	NYY	27	57	0	0	0	70.2	56	17	69	16	3	9	4	5	4	17	2.17	1.02
Taylor Widener	ARI	27	23	13	0	0	70.1	65	34	73	37	14	2	1	0	0	1	4.35	1.45
Tyler Kinley	COL	31	70	0	0	0	70.1	59	37	68	26	12	3	2	0	4	10	4.73	1.21
Jose Berrios	TOR	27	12	12	0	0	70.1	64	28	78	13	8	5	4	0	0	0	3.58	1.09
Miguel Castro	NYM	27	69	2	0	0	70.1	48	27	77	43	7	3	4	0	2	9	3.45	1.29
Raisel Iglesias	LAA	32	65	0	0	0	70	53	20	103	12	11	7	5	34	5	0	2.57	0.93
Genesis Cabrera	STL	25	71	0	0	0	70	52	29	77	36	3	4	5	0	3	28	3.73	1.26
Emmanuel Clase	CLE	24	71	0	0	0	69.2	51	10	74	16	2	4	5	24	5	6	1.29	0.96
Michael Fulmer	DET	29	52	4	0	0	69.2	69	23	73	20	7	5	6	14	4	9	2.97	1.28
Michael Kopech	CWS	25	44	4	0	0	69.1	54	27	103	24	9	4	3	0	1	14	3.5	1.13
Kyle Gibson	PHI	34	12	11	0	0	69	66	39	61	23	8	4	6	0	0	0	5.09	1.29
Tanner Houck	BOS	25	18	13	0	0	69	57	27	87	21	4	1	5	1	0	1	3.52	1.13
Kenley Jansen	LAD	34	69	0	0	0	69	36	17	86	36	4	4	4	38	5	0	2.22	1.04
Sam Hentges	CLE	25	30	12	0	0	68.2	90	51	68	32	10	1	4	0	0	0	6.68	1.78
Jarlin Garcia	SF	29	58	0	0	0	68.2	48	20	68	18	9	6	3	1	2	11	2.62	0.96
Kyle Funkhouser	DET	28	57	2	0	0	68.1	58	26	63	38	6	7	4	1	4	10	3.42	1.4
Ryne Stanek	HOU	30	72	0	0	0	68.1	46	26	83	37	8	3	5	2	2	21	3.42	1.21
Steve Cishek	LAA	35	74	0	0	0	68.1	61	26	64	41	2	0	2	0	4	21	3.42	1.49
Max Scherzer	LAD	37	11	11	0	0	68.1	48	15	89	8	5	7	0	0	0	0	1.98	0.82
Daniel Lynch	KC	25	15	15	0	0	68	80	43	55	31	9	4	6	0	0	0	5.69	1.63
Will Smith	ATL	32	71	0	0	0	68	49	26	87	28	11	3	7	37	6	0	3.44	1.13
Dillon Tate	BAL	27	62	0	0	0	67.2	61	33	49	23	7	0	6	3	2	7	4.39	1.24
Jake Woodford	STL	25	26	8	0	0	67.2	66	30	50	25	7	3	4	0	0	0	3.99	1.34
Drew Steckenrider	SEA	31	62	0	0	0	67.2	52	15	58	17	5	5	2	14	3	7	2	1.02
Riley Smith	ARI	27	24	6	0	0	67.1	86	45	36	15	10	1	4	1	0	0	6.01	1.5
David Peterson	NYM	26	15	15	0	0	66.2	64	41	69	29	11	2	6	0	0	0	5.54	1.4
Kyle Finnegan	WAS	30	68	0	0	0	66	64	26	68	34	9	5	9	11	3	13	3.55	1.48
Jon Lester	STL	38	12	12	0	0	66	68	32	40	26	11	4	1	0	0	0	4.36	1.42
Daniel Bard	COL	36	67	0	0	0	65.2	69	38	80	36	8	7	8	20	8	4	5.21	1.6
Josh Staumont	KC	28	64	0	0	0	65.2	43	21	72	27	6	4	3	5	0	16	2.88	1.07
Luke Weaver	ARI	28	13	13	0	0	65.2	58	31	62	20	11	3	6	0	0	0	4.25	1.19
Deolis Guerra	OAK	32	53	0	0	0	65.2	53	30	62	20	8	4	1	0	0	3	4.11	1.11
Junior Guerra	LAA	37	41	1	0	0	65.1	67	44	61	46	6	5	2	0	2	3	6.06	1.73
Ervin Santana	KC	39	38	2	0	0	65.1	65	34	52	22	9	2	2	0	0	1	4.68	1.33
Alex Colome	MIN	33	67	0	0	0	65	68	30	58	23	8	4	4	17	7	5	4.15	1.4
Jose Ruiz	CWS	27	59	0	0	0	65	51	22	63	25	8	1	3	0	1	4	3.05	1.17
Jose Alvarez	SF	32	67	1	0	0	64.2	53	17	42	19	2	5	2	0	0	8	2.37	1.11
Brad Boxberger	MIL	33	71	0	0	0	64.2	44	24	83	25	8	5	4	4	5	23	3.34	1.07
Paul Sewald	SEA	31	62	0	0	0	64.2	42	22	104	24	10	10	3	11	5	16	3.06	1.02
Mark Melancon	SD	37	64	0	0	0	64.2	54	16	59	25	4	4	3	39	6	0	2.23	1.22
Jhoulys Chacin	COL	34	46	1	0	0	64.1	53	31	47	28	8	3	2	0	2	17	4.34	1.26
Bruce Zimmermann	BAL	27	14	13	0	0	64.1	75	36	56	22	14	4	5	0	0	0	5.04	1.51
Jake Brentz	KC	27	72	0	0	0	64	45	26	76	37	7	5	2	2	5	15	3.66	1.28
Dylan Floro	MIA	31	68	0	0	0	64	53	20	62	25	2	6	6	15	6	11	2.81	1.22
Collin McHugh	TB	34	37	7	0	0	64	48	11	74	12	3	6	1	1	2	7	1.55	0.94
Caleb Thielbar	MIN	35	59	0	0	0	64	55	23	77	20	8	7	0	0	0	13	3.23	1.17
Ryan Pressly	HOU	33	64	0	0	0	64	49	16	81	13	4	5	3	26	2	1	2.25	0.97
Luke Jackson	ATL	30	71	0	0	0	63.2	45	14	70	29	6	2	2	0	4	31	1.98	1.16
Tyler Anderson	SEA	32	13	13	0	0	63.2	71	34	48	13	11	2	3	0	0	0	4.81	1.32
Gregory Soto	DET	27	62	0	0	0	63.2	46	24	76	40	7	6	3	18	1	7	3.39	1.35
Trevor Stephan	CLE	26	43	0	0	0	63.1	58	31	75	31	15	3	1	1	0	3	4.41	1.41
Emilio Pagan	SD	30	67	0	0	0	63.1	56	34	69	18	16	4	3	0	5	19	4.83	1.17
Michael King	NYY	26	22	6	0	0	63.1	57	25	62	24	6	2	4	0	0	2	3.55	1.28
Cole Sulser	BAL	32	60	0	0	0	63.1	48	19	73	23	5	5	4	8	3	6	2.7	1.12
Rich Hill	NYM	42	13	12	0	0	63.1	62	27	59	19	7	1	4	0	0	0	3.84	1.28
Jordan Romano	TOR	28	62	0	0	0	63	41	15	85	25	7	7	1	23	1	5	2.14	1.05
Tyler Matzek	ATL	31	69	0	0	0	63	40	18	77	37	3	0	4	0	0	24	2.57	1.22
Trevor May	NYM	32	68	0	0	0	62.2	55	25	83	24	10	7	3	4	3	16	3.59	1.26
Edwin Diaz	NYM	28	63	0	0	0	62.2	43	24	89	23	3	5	6	32	6	0	3.45	1.05
Josiah Gray	WAS	24	12	12	0	0	62.2	56	37	63	28	15	2	2	0	0	0	5.31	1.34
Griffin Canning	LAA	25	14	13	0	0	62.2	65	39	62	28	14	5	4	0	0	0	5.6	1.48
Johan Oviedo	STL	24	14	13	0	0	62.1	61	34	51	37	8	0	5	0	0	0	4.91	1.57
Tyler Duffey	MIN	31	64	0	0	0	62.1	48	22	61	28	4	3	3	3	2	22	3.18	1.22
Nick Wittgren	CLE	30	60	1	0	0	62.1	61	35	61	17	13	2	9	1	0	9	5.05	1.25
Brett Martin	TEX	26	66	0	0	0	62.1	67	22	42	14	5	4	4	0	2	11	3.18	1.3
Adam Ottavino	BOS	36	69	0	0	0	62	55	29	71	35	5	7	3	11	6	23	4.21	1.45
Sergio Romo	OAK	39	66	0	0	0	61.2	56	32	60	21	9	1	1	3	4	12	4.67	1.25
Zack Littell	SF	26	63	2	0	0	61.2	46	20	63	24	7	4	0	2	4	5	2.92	1.14
Carlos Estevez	COL	29	64	0	0	0	61.2	71	30	60	21	8	3	5	11	6	15	4.38	1.49
Jose Cisnero	DET	32	67	0	0	0	61.2	51	25	62	31	6	4	4	4	4	18	3.65	1.33
Anthony Bass	MIA	34	70	1	0	0	61.1	55	26	58	24	11	3	9	0	4	19	3.82	1.29
Anthony Bender	MIA	27	60	1	0	0	61.1	45	19	71	20	5	3	2	3	2	12	2.79	1.06
Danny Duffy	KC	33	13	12	0	0	61	52	17	65	22	6	4	3	0	0	0	2.51	1.21
Jake Diekman	OAK	35	67	0	0	0	60.2	47	26	83	34	10	3	3	7	7	14	3.86	1.34
David Bednar	PIT	27	61	0	0	0	60.2	40	15	77	19	5	3	1	3	2	13	2.23	0.97
Matt Shoemaker	MIN	35	16	11	0	0	60.1	73	54	40	27	15	3	8	0	0	0	8.06	1.66
Jorge Alcala	MIN	26	59	0	0	0	59.2	45	26	61	13	10	3	6	1	4	11	3.92	0.97
Tim Hill	SD	32	78	0	0	0	59.2	51	24	56	23	9	6	6	1	4	17	3.62	1.24
Jake McGee	SF	35	62	0	0	0	59.2	44	18	58	10	7	3	2	31	5	8	2.72	0.91
Jeurys Familia	NYM	32	65	0	0	0	59.1	57	26	72	27	10	9	4	1	6	11	3.94	1.42
Josh Sborz	TEX	28	63	0	0	0	59	52	26	69	32	7	4	3	1	3	9	3.97	1.42
Drew Rasmussen	TB	26	20	10	0	0	59	44	16	48	13	3	4	0	0	0	1	2.44	0.97
Pierce Johnson	SD	30	63	2	0	0	58.2	47	21	77	27	6	3	4	0	2	9	3.22	1.26
Josh Hader	MIL	27	60	0	0	0	58.2	25	8	102	24	3	4	2	34	1	0	1.23	0.84
Trevor Williams	CHC	29	13	12	0	0	58.2	68	33	61	22	10	4	2	0	0	0	5.06	1.53
Richard Bleier	MIA	34	68	0	0	0	58	51	19	44	6	4	3	2	0	6	20	2.95	0.98
Reynaldo Lopez	CWS	28	20	9	0	0	57.2	42	22	55	13	10	4	4	0	0	0	3.43	0.95
Connor Brogdon	PHI	27	56	1	0	0	57.2	47	22	50	18	6	5	4	1	4	10	3.43	1.13
Austin Voth	WAS	29	49	1	0	0	57.1	57	34	59	28	10	4	1	0	5	7	5.34	1.48
Jesus Luzardo	MIA	24	12	12	0	0	57.1	60	41	58	32	9	4	5	0	0	0	6.44	1.6
Justin Steele	CHC	26	20	9	0	0	57	50	27	59	27	12	4	4	0	0	1	4.26	1.35
Tyler Wells	BAL	27	44	0	0	0	57	40	26	65	12	9	2	3	4	3	1	4.11	0.91
Jaime Barria	LAA	25	13	11	0	0	56.2	70	29	35	19	8	2	4	0	0	0	4.61	1.57
Aaron Loup	NYM	34	65	2	0	0	56.2	37	6	57	16	1	6	0	0	4	16	0.95	0.94
Adam Plutko	BAL	30	38	1	0	0	56.1	65	42	44	27	17	1	2	1	2	5	6.71	1.63
Chasen Shreve	PIT	31	57	0	0	0	56.1	43	20	45	28	7	3	3	0	2	11	3.2	1.26
Aaron Bummer	CWS	28	62	0	0	0	56.1	42	22	75	29	3	5	5	2	6	21	3.51	1.26
Aroldis Chapman	NYY	34	61	0	0	0	56.1	36	21	97	38	9	6	4	30	4	1	3.36	1.31
Greg Holland	KC	36	57	0	0	0	55.2	49	30	53	26	9	3	5	8	4	8	4.85	1.35
Tony Gonsolin	LAD	27	15	13	0	0	55.2	41	20	65	34	8	4	1	0	0	0	3.23	1.35
Jose Alvarado	PHI	26	64	0	0	0	55.2	42	26	68	47	5	7	1	5	3	16	4.2	1.6
James Karinchak	CLE	26	60	0	0	0	55.1	35	25	78	32	9	7	4	11	5	13	4.07	1.21
Zach Pop	MIA	25	50	0	0	0	54.2	54	25	51	24	3	1	0	0	1	1	4.12	1.43
Anthony Misiewicz	SEA	27	66	0	0	0	54.2	61	28	53	15	7	5	5	0	5	19	4.61	1.39
Spenser Watkins	BAL	29	16	10	0	0	54.2	74	49	35	19	14	2	7	0	0	0	8.07	1.7
Matt Barnes	BOS	31	60	0	0	0	54.2	41	23	84	20	8	6	5	24	6	0	3.79	1.12
Garrett Crochet	CWS	22	54	0	0	0	54.1	42	17	65	27	2	3	5	0	1	12	2.82	1.27
J.A. Happ	STL	39	11	11	0	0	54	52	24	45	17	9	5	2	0	0	0	4	1.28
Kyle Zimmer	KC	30	52	2	0	0	54	46	29	46	30	7	4	1	2	1	10	4.83	1.41
Devin Williams	MIL	27	58	0	0	0	54	36	15	87	28	5	8	2	3	3	23	2.5	1.19
Tanner Scott	BAL	27	62	0	0	0	54	48	31	70	37	6	5	4	0	2	16	5.17	1.57
Dominic Leone	SF	30	57	4	0	0	53.2	37	9	50	22	2	4	5	2	2	15	1.51	1.1
Carlos Carrasco	NYM	35	12	12	0	0	53.2	59	36	50	18	12	1	5	0	0	0	6.04	1.43
Dean Kremer	BAL	26	13	13	0	0	53.2	63	45	47	25	17	0	7	0	0	0	7.55	1.64
Keegan Thompson	CHC	27	32	6	0	0	53.1	48	20	55	31	9	3	3	1	1	1	3.38	1.48
Jose Quintana	LAA	33	24	10	0	0	53.1	66	40	73	29	9	0	3	0	0	2	6.75	1.78
Hirokazu Sawamura	BOS	34	55	0	0	0	53	45	18	61	32	9	5	1	0	1	11	3.06	1.45
Rex Brothers	CHC	34	57	0	0	0	53	41	31	75	35	9	3	2	1	0	8	5.26	1.43
Tim Mayza	TOR	30	61	0	0	0	53	40	20	57	12	5	5	2	1	3	18	3.4	0.98
Austin Adams	SD	30	65	0	0	0	52.2	28	24	76	35	1	3	2	0	1	10	4.1	1.2
A.J. Minter	ATL	28	61	0	0	0	52.1	44	22	57	20	2	3	6	0	6	23	3.78	1.22
J.C. Mejia	CLE	25	17	11	0	0	52.1	60	48	47	24	13	1	7	0	0	0	8.25	1.61
Elieser Hernandez	MIA	26	11	11	0	0	51.2	54	24	53	14	13	1	3	0	0	0	4.18	1.32
Archie Bradley	PHI	29	53	0	0	0	51	51	21	40	22	5	7	3	2	3	14	3.71	1.43
Randy Dobnak	MIN	27	14	6	0	0	50.2	66	43	27	12	11	1	7	1	0	0	7.64	1.54
Phil Bickford	LAD	26	56	0	0	0	50.1	34	14	59	18	6	4	2	1	2	9	2.5	1.03
Logan Allen	CLE	24	14	11	0	0	50.1	58	35	37	17	12	2	7	0	0	0	6.26	1.49
Justin Dunn	SEA	26	11	11	0	0	50.1	37	21	49	29	6	1	3	0	0	0	3.75	1.31
Spencer Turnbull	DET	29	9	9	1	1	50	37	16	44	12	2	4	2	0	0	0	2.88	0.98
Touki Toussaint	ATL	25	11	10	0	0	50	43	25	48	22	11	3	3	0	0	0	4.5	1.3
Brandon Bielak	HOU	26	28	2	0	0	50	48	25	46	21	5	3	4	1	1	2	4.5	1.38
Derek Holland	DET	35	39	1	0	0	49.2	58	28	51	20	6	3	2	0	0	5	5.07	1.57
Josh Tomlin	ATL	37	35	0	0	0	49.1	69	36	37	5	10	4	0	0	0	2	6.57	1.5
Trent Thornton	TOR	28	37	3	0	0	49	54	26	52	16	12	1	3	0	0	0	4.78	1.43
Brooks Raley	HOU	33	58	0	0	0	49	43	26	65	16	6	2	3	2	3	9	4.78	1.2
Chase Anderson	PHI	34	14	9	0	0	48	51	36	35	20	10	2	4	0	0	0	6.75	1.48
Amir Garrett	CIN	29	63	0	0	0	47.2	46	32	61	29	9	0	4	7	4	7	6.04	1.57
Yency Almonte	COL	27	48	0	0	0	47.2	47	40	47	29	9	1	3	0	3	3	7.55	1.59
Josh Taylor	BOS	29	61	0	0	0	47.2	45	18	60	23	2	1	0	1	0	15	3.4	1.43
Paul Fry	BAL	29	52	0	0	0	47.1	37	32	60	35	3	4	5	2	2	11	6.08	1.52
Ryan Helsley	STL	27	51	0	0	0	47.1	40	24	47	27	4	6	4	1	2	10	4.56	1.42
Dinelson Lamet	SD	29	22	9	0	0	47	48	23	57	22	6	2	4	0	0	1	4.4	1.49
Lucas Sims	CIN	27	47	0	0	0	47	34	23	76	18	6	5	3	7	3	9	4.4	1.11
Mitch White	LAD	27	21	4	0	0	46.2	38	19	49	17	6	1	3	0	2	0	3.66	1.18
Seth Lugo	NYM	32	46	0	0	0	46.1	41	18	55	19	6	4	3	1	3	13	3.5	1.29
Robert Stephenson	COL	29	49	0	0	0	46	42	16	52	18	5	2	1	1	1	4	3.13	1.3
John King	TEX	27	27	0	0	0	46	41	18	40	12	3	7	5	0	1	4	3.52	1.15
Cesar Valdez	BAL	37	39	0	0	0	46	62	30	45	14	8	2	2	8	5	0	5.87	1.65
Humberto Castellanos	ARI	24	14	7	0	0	45.2	48	25	29	15	7	2	2	0	1	1	4.93	1.38
Ross Detwiler	MIA	36	46	5	0	0	45.1	41	25	56	15	8	2	1	0	0	1	4.96	1.24
Joe Jimenez	DET	27	52	0	0	0	45.1	34	30	57	35	6	6	1	1	1	5	5.96	1.52
Sam Howard	PIT	29	54	1	0	0	45	34	28	60	32	7	3	4	0	1	12	5.6	1.47
Sam Clay	WAS	28	58	0	0	0	45	55	28	34	22	4	0	5	0	1	11	5.6	1.71
Miles Mikolas	STL	33	9	9	0	0	44.2	43	21	31	11	6	2	3	0	0	0	4.23	1.21
Jeffrey Springs	TB	29	43	0	0	0	44.2	35	17	63	14	9	5	1	2	2	10	3.43	1.1
Joe Kelly	LAD	33	48	0	0	0	44	28	14	50	15	3	2	0	2	1	10	2.86	0.98
Hansel Robles	MIN	31	45	0	0	0	44	37	24	43	24	6	3	4	10	2	14	4.91	1.39
Blake Parker	CLE	36	47	0	0	0	43.2	43	15	37	14	5	2	1	0	0	4	3.09	1.31
Chase De Jong	PIT	28	9	9	0	0	43.2	49	28	39	19	11	1	4	0	0	0	5.77	1.56
Taylor Clarke	ARI	28	43	0	0	0	43.1	52	24	39	14	4	1	3	0	1	7	4.98	1.52
Tony Santillan	CIN	24	26	4	0	0	43.1	34	14	56	21	7	1	3	0	0	0	2.91	1.27
Chris Martin	ATL	35	46	0	0	0	43.1	49	19	33	6	4	2	4	1	4	13	3.95	1.27
Burch Smith	OAK	31	31	0	0	0	43.1	49	26	28	11	5	1	1	0	1	4	5.4	1.38
Rafael Montero	SEA	31	40	0	0	0	43.1	56	35	37	15	4	5	3	7	6	4	7.27	1.64
Ryan Tepera	CHC	34	43	0	0	0	43.1	22	14	50	12	3	0	2	1	2	15	2.91	0.78
Blake Taylor	HOU	26	51	0	0	0	42.2	38	15	41	22	6	4	4	0	5	5	3.16	1.41
Brad Hand	WAS	32	41	0	0	0	42.2	31	17	42	18	5	5	5	21	5	0	3.59	1.15
Wandy Peralta	NYY	30	46	1	0	0	42.2	38	14	35	18	5	3	3	3	0	5	2.95	1.31
Pete Fairbanks	TB	28	47	0	0	0	42.2	40	17	56	21	2	3	6	5	2	14	3.59	1.43
Lucas Gilbreath	COL	26	47	1	0	0	42.2	33	16	44	23	5	3	2	1	0	4	3.38	1.31
Alexander Wells	BAL	25	11	8	0	0	42.2	53	32	26	16	10	2	3	0	0	0	6.75	1.62
Wander Suero	WAS	30	45	0	0	0	42.2	45	30	44	15	11	2	3	0	3	7	6.33	1.41
Edgar Santana	ATL	30	41	0	0	0	42.2	37	17	33	12	7	3	0	0	0	3	3.59	1.15
Chris Sale	BOS	33	9	9	0	0	42.2	45	15	52	12	6	5	1	0	0	0	3.16	1.34
Wade Davis	KC	36	40	0	0	0	42.2	44	32	38	19	8	0	3	2	1	2	6.75	1.48
Wade LeBlanc	STL	37	12	8	0	0	42.1	45	17	23	16	7	0	1	0	0	0	3.61	1.44
Sam Coonrod	PHI	29	42	2	0	0	42.1	41	19	48	15	5	2	2	2	4	9	4.04	1.32
Spencer Patton	TEX	34	42	0	0	0	42.1	36	18	48	15	4	2	2	2	3	11	3.83	1.2
Heath Hembree	CIN	33	45	0	0	0	42.1	32	30	68	19	10	2	7	8	2	6	6.38	1.2
Clay Holmes	PIT	29	44	0	0	0	42	35	23	44	25	3	3	2	0	0	6	4.93	1.43
Miguel Diaz	SD	27	25	2	0	0	42	31	17	46	19	8	3	1	1	0	1	3.64	1.19
Alex Young	ARI	28	30	2	0	0	41.2	50	29	38	20	11	2	6	0	2	3	6.26	1.68
Drew Smith	NYM	28	31	1	0	0	41.1	28	11	41	16	7	3	1	0	0	1	2.4	1.06
Phil Maton	CLE	29	38	1	0	0	41.1	36	21	61	20	4	2	0	0	1	4	4.57	1.35
Sammy Long	SF	26	12	5	0	0	40.2	37	25	38	15	5	2	1	0	0	0	5.53	1.28
Kohei Arihara	TEX	29	10	10	0	0	40.2	45	30	24	13	11	2	4	0	0	0	6.64	1.43
Taylor Rogers	MIN	31	40	0	0	0	40.1	38	15	59	8	4	2	4	9	4	8	3.35	1.14
Bryse Wilson	PIT	24	8	8	0	0	40.1	40	22	23	10	8	1	4	0	0	0	4.91	1.24
Casey Sadler	SEA	31	42	0	0	0	40.1	19	3	37	10	1	0	1	0	0	15	0.67	0.72
John Curtiss	MIA	29	35	2	0	0	40	34	11	40	9	4	3	1	0	0	1	2.48	1.08
Darwinzon Hernandez	BOS	25	48	0	0	0	40	29	15	54	31	5	2	2	0	4	12	3.38	1.5
Juan Minaya	MIN	31	29	0	0	0	40	27	11	43	20	4	2	1	0	0	7	2.48	1.18
Alex Vesia	LAD	25	41	0	0	0	40	17	10	54	22	6	3	1	1	1	9	2.25	0.98
Tyler Gilbert	ARI	28	9	6	1	1	40	28	14	25	13	4	2	2	0	0	1	3.15	1.03
Phillips Valdez	BOS	30	28	0	0	0	40	35	26	35	19	4	2	0	1	0	2	5.85	1.35
Dennis Santana	TEX	25	39	0	0	0	39.2	30	16	38	21	4	2	4	0	2	5	3.63	1.29
Joe Mantiply	ARI	31	57	0	0	0	39.2	45	15	38	17	1	0	3	0	2	11	3.4	1.56
Dan Winkler	CHC	32	47	0	0	0	39.2	32	23	40	30	5	1	3	0	1	6	5.22	1.56
Andrew Chafin	CHC	31	43	0	0	0	39.1	21	9	37	12	1	0	2	0	1	17	2.06	0.84
Jakob Junis	KC	29	16	6	0	0	39.1	43	23	41	12	7	2	4	0	2	0	5.26	1.4
Bryan Garcia	DET	26	39	0	0	0	39.1	48	33	32	25	10	3	2	2	1	3	7.55	1.86
Matt Foster	CWS	27	37	0	0	0	39	43	26	40	13	9	2	1	1	1	2	6	1.44
Codi Heuer	CWS	25	40	0	0	0	38.2	45	22	39	10	5	4	1	0	0	13	5.12	1.42
Max Kranick	PIT	24	9	9	0	0	38.2	47	27	32	19	4	2	3	0	0	0	6.28	1.71
T.J. McFarland	STL	32	38	0	0	0	38.2	32	11	21	9	3	4	1	0	1	15	2.56	1.06
Sean Doolittle	CIN	35	45	0	0	0	38.1	40	19	41	18	6	3	1	1	4	4	4.46	1.51
Paul Blackburn	OAK	28	9	9	0	0	38.1	52	25	26	10	8	1	4	0	0	0	5.87	1.62
Joey Lucchesi	NYM	28	11	8	0	0	38.1	34	19	41	11	4	1	4	0	0	0	4.46	1.17
Richard Rodriguez	PIT	32	37	0	0	0	38.1	27	12	33	5	2	4	2	14	3	0	2.82	0.83
Cody Ponce	PIT	27	15	2	0	0	38.1	56	30	36	11	8	0	6	0	0	0	7.04	1.75
Luis Cessa	NYY	29	29	0	0	0	38.1	31	12	31	17	2	3	1	0	0	1	2.82	1.25
Jesus Luzardo	OAK	24	13	6	0	0	38	46	29	40	16	11	2	4	0	0	1	6.87	1.63
Charlie Barnes	MIN	26	9	8	0	0	38	46	25	20	16	4	0	3	0	0	0	5.92	1.63
Matt Andriese	BOS	32	26	0	0	0	37.1	55	25	38	11	7	2	3	1	3	3	6.03	1.77
Adam Cimber	TOR	31	39	0	0	0	37.1	31	7	30	5	2	2	2	1	0	5	1.69	0.96
Trevor Cahill	PIT	34	9	8	0	0	37	42	27	32	14	4	1	5	0	0	0	6.57	1.51
Craig Kimbrel	CHC	33	39	0	0	0	36.2	13	2	64	13	1	2	3	23	2	0	0.49	0.71
Ryan Burr	CWS	27	34	1	0	0	36.2	28	10	33	21	3	2	1	0	1	3	2.45	1.34
Daniel Norris	DET	28	38	0	0	0	36.2	38	24	40	15	4	1	3	1	2	6	5.89	1.45
Kyle Muller	ATL	24	9	8	0	0	36.2	26	17	37	20	2	2	4	0	0	0	4.17	1.25
J.P. Feyereisen	TB	29	34	0	0	0	36.2	26	10	33	22	3	4	2	3	1	7	2.45	1.31
Albert Abreu	NYY	26	28	0	0	0	36.2	27	21	35	19	8	2	0	1	0	3	5.15	1.25
Yimi Garcia	MIA	31	39	0	0	0	36.1	31	14	35	13	5	3	7	15	3	2	3.47	1.21
Hunter Strickland	MIL	33	35	0	0	0	36.1	21	7	38	12	4	3	2	0	0	1	1.73	0.91
Diego Castillo	TB	28	37	0	0	0	36.1	26	11	49	10	5	2	4	14	2	3	2.72	0.99
Bryan Abreu	HOU	24	31	0	0	0	36	35	23	36	18	4	3	3	1	4	7	5.75	1.47
Jordan Holloway	MIA	25	13	4	0	0	36	23	16	36	26	3	2	3	0	0	0	4	1.36
Andrew Miller	STL	36	40	0	0	0	36	41	19	40	16	5	0	0	0	0	4	4.75	1.58
Steven Okert	MIA	30	34	0	0	0	36	22	11	40	15	5	3	1	0	0	1	2.75	1.03
Nick Neidert	MIA	25	8	7	0	0	35.2	31	18	21	23	4	1	2	0	0	0	4.54	1.51
Ben Bowden	COL	27	39	0	0	0	35.2	44	26	42	21	6	3	2	0	1	1	6.56	1.82
Andrew Heaney	NYY	30	12	5	0	0	35.2	38	29	37	10	13	2	2	0	1	0	7.32	1.35
Josh Rogers	WAS	27	6	6	0	0	35.2	32	13	22	14	7	2	2	0	0	0	3.28	1.29
Alex Lange	DET	26	36	0	0	0	35.2	37	16	39	16	5	1	3	1	2	6	4.04	1.49
Ryne Harper	WAS	33	34	0	0	0	35.2	28	16	31	14	6	0	2	0	1	3	4.04	1.18
Andres Machado	WAS	28	40	0	0	0	35.2	30	14	30	15	4	1	2	0	3	10	3.53	1.26
Victor Gonzalez	LAD	26	44	1	0	0	35.1	32	14	33	19	3	3	1	1	1	16	3.57	1.44
Buck Farmer	DET	31	36	0	0	0	35.1	40	25	37	21	9	0	0	0	1	2	6.37	1.73
Aaron Sanchez	SF	29	9	7	0	0	35.1	32	12	26	15	2	1	1	0	0	0	3.06	1.33
Erik Swanson	SEA	28	33	2	0	0	35.1	28	13	35	10	5	0	3	1	2	5	3.31	1.08
Hyeon-Jong Yang	TEX	34	12	4	0	0	35.1	42	22	25	16	9	0	3	0	0	0	5.6	1.64
Adrian Sampson	CHC	30	10	5	0	0	35.1	30	11	28	8	8	1	2	0	0	0	2.8	1.08
Will Vest	SEA	26	32	0	0	0	35	38	24	27	18	2	1	0	0	0	6	6.17	1.6
Louis Head	TB	31	27	2	0	0	35	21	9	32	9	2	2	0	0	0	0	2.31	0.86
Jacob Webb	ATL	28	34	0	0	0	34.1	38	16	33	14	4	5	4	1	1	0	4.19	1.51
Danny Coulombe	MIN	32	29	1	0	0	34.1	35	14	33	7	5	3	2	0	1	2	3.67	1.22
Adam Cimber	MIA	31	33	0	0	0	34.1	30	11	21	11	0	1	2	0	0	0	2.88	1.19
Braxton Garrett	MIA	24	8	7	0	0	34	42	19	32	20	3	1	2	0	0	0	5.03	1.82
Ryan Thompson	TB	29	36	0	0	0	34	26	9	37	9	3	3	2	0	4	11	2.38	1.03
Tejay Antone	CIN	28	23	0	0	0	33.2	17	8	42	13	3	2	0	3	4	8	2.14	0.89
Nick Sandlin	CLE	25	34	0	0	0	33.2	21	11	48	17	2	1	1	0	1	5	2.94	1.13
Jesse Chavez	ATL	38	30	4	0	0	33.2	23	8	36	11	0	3	2	0	1	2	2.14	1.01
Anthony Kay	TOR	27	11	5	0	0	33.2	38	21	39	18	7	1	2	0	0	0	5.61	1.66
Bailey Falter	PHI	24	22	1	0	0	33.2	34	21	34	6	5	2	1	0	0	3	5.61	1.19
Bryse Wilson	ATL	24	8	8	0	0	33.2	45	22	23	12	7	2	3	0	0	0	5.88	1.69
John Gant	MIN	29	14	7	0	0	33.2	31	21	36	15	4	1	5	0	0	1	5.61	1.37
Luis Garcia	STL	35	34	0	0	0	33.1	25	12	34	8	2	1	1	2	1	11	3.24	0.99
Brusdar Graterol	LAD	23	34	1	0	0	33.1	34	17	27	13	2	3	0	0	2	5	4.59	1.41
Daniel Ponce de Leon	STL	30	24	2	0	0	33.1	32	23	24	22	5	1	1	2	1	0	6.21	1.62
Kyle Keller	PIT	28	32	0	0	0	33.1	30	24	36	22	9	1	1	0	0	2	6.48	1.56
Tony Watson	LAA	36	36	0	0	0	33	25	17	25	14	3	3	3	0	3	12	4.64	1.18
Kendall Graveman	SEA	31	30	0	0	0	33	15	3	34	8	2	4	0	10	2	4	0.82	0.7
Alex Claudio	LAA	30	41	0	0	0	32.2	37	20	30	15	6	1	2	1	0	2	5.51	1.59
Jake Faria	ARI	28	23	3	0	0	32.2	39	20	32	13	5	0	0	0	0	0	5.51	1.59
Noe Ramirez	ARI	32	36	0	0	0	32.2	18	10	29	11	2	0	2	1	2	10	2.76	0.89
Trevor Richards	TOR	28	32	0	0	0	32.2	16	12	37	10	7	4	2	0	3	5	3.31	0.8
Daniel Hudson	WAS	35	31	0	0	0	32.2	23	8	48	7	4	4	1	0	2	15	2.2	0.92
Ian Kennedy	TEX	37	32	0	0	0	32.1	27	9	35	7	5	0	0	16	1	0	2.51	1.05
Trevor Williams	NYM	29	10	3	0	0	32.1	37	11	29	9	1	0	0	0	0	0	3.06	1.42
Sean Newcomb	ATL	28	32	0	0	0	32.1	28	17	43	27	1	2	0	1	1	2	4.73	1.7
Rafael Dolis	TOR	34	39	0	0	0	32	29	20	39	27	2	2	3	3	1	3	5.63	1.75
Domingo Tapia	KC	30	32	0	0	0	31.2	21	10	25	14	1	4	1	0	3	7	2.84	1.11
Tanner Rainey	WAS	29	38	0	0	0	31.2	29	26	42	25	6	1	3	3	3	10	7.39	1.71
Ryan Hendrix	CIN	27	36	0	0	0	31.2	33	21	35	16	8	5	1	0	1	3	5.97	1.55
Aaron Ashby	MIL	23	13	4	0	0	31.2	25	16	39	12	4	3	2	1	0	0	4.55	1.17
Dillon Maples	CHC	29	28	0	0	0	31.1	15	9	40	25	2	1	0	0	0	0	2.59	1.28
Keynan Middleton	SEA	28	32	1	0	0	31	30	17	24	19	2	1	2	4	0	3	4.94	1.58
Aaron Slegers	LAA	29	29	0	0	0	31	43	24	25	15	6	2	2	0	2	2	6.97	1.87
Cody Poteet	MIA	27	7	7	0	0	30.2	25	17	32	16	7	2	3	0	0	0	4.99	1.34
Jharel Cotton	TEX	30	23	0	0	0	30.2	28	12	30	15	2	2	0	0	0	4	3.52	1.4
Jackson Kowar	KC	25	9	8	0	0	30.1	43	38	29	20	7	0	6	0	0	0	11.27	2.08
Joel Payamps	TOR	27	22	0	0	0	30	21	9	22	11	3	0	2	0	0	0	2.7	1.07
Jake Cousins	MIL	27	30	0	0	0	30	16	9	44	19	3	1	0	0	0	7	2.7	1.17
Kyle McGowin	WAS	30	27	0	0	0	30	21	14	35	14	5	0	0	0	0	1	4.2	1.17
Marcos Diplan	BAL	25	23	0	0	0	30	22	15	24	15	6	2	0	0	0	1	4.5	1.23
JT Chargois	SEA	31	31	0	0	0	30	23	10	29	6	2	1	0	0	2	9	3	0.97
Brad Brach	CIN	35	35	0	0	0	30	30	21	33	18	5	1	2	1	2	10	6.3	1.6
Mychal Givens	COL	31	31	0	0	0	29.2	25	9	34	14	5	3	2	0	1	8	2.73	1.31
Chris Rodriguez	LAA	23	15	2	0	0	29.2	28	12	29	15	0	2	1	0	1	2	3.64	1.45
Brandon Kintzler	PHI	37	29	1	0	0	29.2	45	21	22	8	7	2	1	0	2	2	6.37	1.79
Luis Oviedo	PIT	22	22	1	0	0	29.2	33	29	31	26	4	1	2	0	0	0	8.8	1.99
Zac Lowther	BAL	25	10	6	0	0	29.2	36	22	30	13	6	1	3	0	0	0	6.67	1.65
Luis Gil	NYY	23	6	6	0	0	29.1	20	10	38	19	4	1	1	0	0	0	3.07	1.33
Joakim Soria	ARI	37	31	0	0	0	29.1	31	14	31	8	4	1	4	6	2	3	4.3	1.33
Jordan Sheffield	COL	26	30	0	0	0	29.1	19	11	20	13	2	0	0	0	0	4	3.38	1.09
Andrew Chafin	OAK	31	28	0	0	0	29.1	24	5	27	7	3	2	2	5	2	5	1.53	1.06
Matt Wisler	TB	29	27	0	0	0	29.1	22	7	36	5	2	2	3	1	2	7	2.15	0.92
Michael Lorenzen	CIN	30	27	0	0	0	29	26	18	21	14	2	1	2	4	0	11	5.59	1.38
Jimmy Nelson	LAD	32	28	1	0	0	29	14	6	44	13	0	1	2	0	1	6	1.86	0.93
Joe Barlow	TEX	26	31	0	0	0	29	12	5	27	12	2	0	2	11	1	3	1.55	0.83
Reiss Knehr	SD	25	12	5	0	0	29	23	16	20	20	2	1	2	0	0	0	4.97	1.48
Codi Heuer	CHC	25	25	0	0	0	28.2	20	10	17	13	2	3	3	2	3	4	3.14	1.15
Justin Garza	CLE	28	21	0	0	0	28.2	27	15	29	18	5	2	1	0	1	0	4.71	1.57
Tommy Nance	CHC	31	27	0	0	0	28.2	25	23	30	13	5	1	1	0	0	5	7.22	1.33
Robert Gsellman	NYM	28	17	1	0	0	28.2	27	12	17	7	3	0	1	0	0	1	3.77	1.19
Kevin Ginkel	ARI	28	32	0	0	0	28.1	30	20	31	14	7	0	1	0	1	6	6.35	1.55
Michael Rucker	CHC	27	20	0	0	0	28.1	32	22	30	11	5	0	0	1	1	0	6.99	1.52
Spencer Howard	PHI	25	11	7	0	0	28.1	25	18	31	17	2	0	2	0	0	0	5.72	1.48
Enyel De Los Santos	PHI	26	26	0	0	0	28	34	21	42	14	7	1	1	0	2	1	6.75	1.71
Travis Lakins	BAL	27	24	1	0	0	28	23	18	24	17	4	1	4	0	1	3	5.79	1.43
Clay Holmes	NYY	29	25	0	0	0	28	18	5	34	4	2	5	2	0	2	6	1.61	0.79
Tyler Chatwood	TOR	32	30	0	0	0	28	20	17	32	20	1	1	2	1	1	10	5.46	1.43
Steven Brault	PIT	29	7	7	0	0	27.2	33	18	19	12	3	0	3	0	0	0	5.86	1.63
Thomas Eshelman	BAL	27	9	6	0	0	27.2	34	22	11	10	6	0	3	0	0	0	7.16	1.59
Yohan Ramirez	SEA	26	25	0	0	0	27.2	18	12	35	12	6	1	3	2	0	0	3.9	1.08
Tyler Zuber	KC	26	31	0	0	0	27.1	26	19	25	17	6	0	3	0	0	4	6.26	1.57
Chris Mazza	TB	32	14	0	0	0	27.1	26	14	21	7	3	0	0	1	0	0	4.61	1.21
Andrew Wantz	LAA	26	21	0	0	0	27.1	23	15	38	11	5	1	0	0	1	0	4.94	1.24
Joely Rodriguez	TEX	30	31	0	0	0	27.1	32	18	30	12	3	1	3	1	1	9	5.93	1.61
Evan Marshall	CWS	31	27	0	0	0	27.1	28	17	26	9	5	0	2	0	4	6	5.6	1.35
Camilo Doval	SF	24	29	0	0	0	27	19	9	37	9	4	5	1	3	3	5	3	1.04
Joe Ryan	MIN	25	5	5	0	0	26.2	16	12	30	5	4	2	1	0	0	0	4.05	0.79
Brett de Geus	TEX	24	19	0	0	0	26.2	31	25	26	13	3	0	0	0	0	0	8.44	1.65
Paul Campbell	MIA	26	16	1	0	0	26.2	32	19	26	10	5	2	3	0	0	0	6.41	1.58
David Hale	PHI	34	17	1	0	0	26.2	30	19	21	9	5	0	2	0	1	0	6.41	1.46
Sean Nolin	WAS	32	10	5	0	0	26.2	32	13	20	13	4	0	2	0	0	0	4.39	1.69
Erasmo Ramirez	DET	31	17	0	0	0	26.2	24	17	20	5	4	1	1	0	0	0	5.74	1.09
Dillon Peters	PIT	29	6	6	0	0	26.2	26	11	23	10	2	1	2	0	0	0	3.71	1.35
Edward Cabrera	MIA	23	7	7	0	0	26.1	24	17	28	19	6	0	3	0	0	0	5.81	1.63
Demarcus Evans	TEX	25	25	0	0	0	26.1	24	15	33	16	4	0	2	0	2	2	5.13	1.52
Anthony Banda	PIT	28	25	0	0	0	26.1	25	10	25	12	4	1	2	0	2	4	3.42	1.41
Luis Cessa	CIN	29	24	0	0	0	26.1	24	6	23	2	3	2	1	0	0	3	2.05	0.99
Hector Santiago	SEA	34	13	1	0	0	26.1	27	10	30	11	2	1	1	0	0	0	3.42	1.44
Richard Rodriguez	ATL	32	27	0	0	0	26	23	9	9	5	6	1	2	0	0	8	3.12	1.08
Miguel Sanchez	MIL	28	28	0	0	0	26	27	12	23	14	4	2	1	0	1	0	4.15	1.58
Tayler Saucedo	TOR	28	29	0	0	0	25.2	22	13	19	10	1	0	0	0	2	1	4.56	1.25
Jose Quijada	LAA	26	26	0	0	0	25.2	20	13	38	15	2	0	2	0	0	4	4.56	1.36
Robert Dugger	SEA	26	12	4	0	0	25.2	34	21	19	12	4	0	2	0	0	0	7.36	1.79
Carson Fulmer	CIN	28	20	0	0	0	25.2	26	19	24	13	3	0	0	0	0	1	6.66	1.52
Corey Knebel	LAD	30	27	4	0	0	25.2	16	7	30	9	2	4	0	3	2	9	2.45	0.97
Drew Pomeranz	SD	33	27	0	0	0	25.2	19	5	30	10	2	1	0	0	0	13	1.75	1.13
Adam Morgan	CHC	32	34	0	0	0	25.1	22	12	28	12	6	2	1	2	2	4	4.26	1.34
Chris Ellis	BAL	29	6	6	0	0	25.1	18	7	16	13	3	0	0	0	0	0	2.49	1.22
Ashton Goudeau	COL	29	11	1	0	0	25.1	16	12	17	8	3	2	1	0	0	0	4.26	0.95
Phil Maton	HOU	29	27	0	0	0	25.1	29	14	24	12	2	4	0	0	3	2	4.97	1.62
Kodi Whitley	STL	27	25	0	0	0	25.1	15	7	27	12	1	0	0	0	0	4	2.49	1.07
Tyler Clippard	ARI	37	26	0	0	0	25.1	22	9	21	11	3	1	1	6	3	3	3.2	1.3
Yennsy Diaz	NYM	25	20	0	0	0	25	25	15	21	12	5	0	2	0	0	0	5.4	1.48
Hansel Robles	BOS	31	27	0	0	0	25	21	10	33	13	2	0	1	4	0	3	3.6	1.36
J.B. Wendelken	OAK	29	26	0	0	0	25	29	12	26	13	2	2	1	0	1	2	4.32	1.68
Luke Farrell	MIN	30	20	1	0	0	24.2	28	13	25	13	4	1	1	0	0	1	4.74	1.66
Anthony Castro	TOR	26	25	0	0	0	24.2	23	13	32	8	4	1	2	1	1	1	4.74	1.26
Jefry Rodriguez	WAS	28	14	1	0	0	24.1	25	16	20	17	6	0	0	0	0	0	5.92	1.73
Kyle Crick	PIT	29	27	0	0	0	24.1	14	12	21	19	0	1	1	0	1	6	4.44	1.36
Tony Watson	SF	36	26	0	0	0	24.1	15	8	19	4	1	4	1	0	0	7	2.96	0.78
Yacksel Rios	BOS	28	20	0	0	0	24.1	13	10	21	14	3	3	0	0	0	1	3.7	1.11
Cionel Perez	CIN	25	25	0	0	0	24	21	17	25	20	5	1	2	0	0	0	6.38	1.71
Ian Kennedy	PHI	37	23	0	0	0	24	18	11	27	10	7	3	1	10	3	0	4.13	1.17
Ryan Borucki	TOR	28	24	0	0	0	23.2	18	13	21	11	5	3	1	0	1	3	4.94	1.23
Trevor Megill	CHC	28	28	0	0	0	23.2	36	22	30	8	7	1	2	0	0	1	8.37	1.86
JT Chargois	TB	31	25	0	0	0	23.2	15	5	24	14	3	5	1	0	3	6	1.9	1.23
Conner Greene	BAL	27	22	1	0	0	23.1	30	20	24	12	1	1	3	0	4	1	7.71	1.8
Glenn Otto	TEX	26	6	6	0	0	23.1	32	24	28	8	2	0	3	0	0	0	9.26	1.71
Stefan Crichton	ARI	30	31	0	0	0	23.1	33	19	17	12	3	0	4	4	0	5	7.33	1.93
Brett de Geus	ARI	24	28	0	0	0	23.1	31	17	15	12	3	3	2	0	2	3	6.56	1.84
Nick Mears	PIT	25	30	0	0	0	23.1	25	13	23	13	5	1	0	0	5	3	5.01	1.63
Caleb Baragar	SF	27	25	0	0	0	23	19	4	16	12	1	2	1	2	1	7	1.57	1.35
A.J. Alexy	TEX	23	5	4	0	0	23	13	12	17	17	4	3	1	0	0	0	4.7	1.3
Craig Kimbrel	CWS	33	24	0	0	0	23	18	13	36	10	5	2	2	1	3	7	5.09	1.22
Kendall Graveman	HOU	31	23	0	0	0	23	20	8	27	12	1	1	1	0	3	7	3.13	1.39
Rowan Wick	CHC	29	22	0	0	0	23	17	11	29	14	1	0	1	5	3	2	4.3	1.35
Dustin May	LAD	24	5	5	0	0	23	16	7	35	6	4	1	1	0	0	0	2.74	0.96
Wes Benjamin	TEX	28	13	2	0	0	22.2	29	22	19	17	6	0	2	0	1	0	8.74	2.03
Packy Naughton	LAA	25	7	5	0	0	22.2	27	16	12	14	3	0	4	0	0	0	6.35	1.81
Humberto Mejia	ARI	25	5	5	0	0	22.1	32	18	20	9	5	0	3	0	0	0	7.25	1.84
Dietrich Enns	TB	30	9	0	0	0	22.1	17	7	25	6	1	2	0	2	0	0	2.82	1.03
Drew Anderson	TEX	28	9	1	0	0	22	20	8	9	6	1	1	1	0	0	0	3.27	1.18
Diego Castillo	SEA	28	24	0	0	0	22	14	7	26	7	4	3	1	2	4	7	2.86	0.95
Stephen Strasburg	WAS	33	5	5	0	0	21.2	16	11	21	14	4	1	2	0	0	0	4.57	1.38
Joe Smith	HOU	38	27	0	0	0	21.2	35	18	17	4	4	1	1	0	0	1	7.48	1.8
Mason Thompson	WAS	24	27	0	0	0	21.2	28	10	21	14	4	1	3	0	3	5	4.15	1.94
Hoby Milner	MIL	31	19	0	0	0	21.2	30	13	30	3	8	0	0	0	0	1	5.4	1.52
Jay Jackson	SF	34	23	1	0	0	21.2	15	9	28	12	3	2	1	0	2	4	3.74	1.25
Mychal Givens	CIN	31	23	0	0	0	21.1	18	10	20	13	2	1	1	8	2	3	4.22	1.45
Drew Hutchison	DET	31	9	2	0	0	21.1	20	5	10	11	1	3	1	0	1	0	2.11	1.45
Yimi Garcia	HOU	31	23	0	0	0	21.1	18	13	25	5	3	1	2	0	0	2	5.48	1.08
Spencer Howard	TEX	25	8	8	0	0	21.1	28	23	21	10	5	0	3	0	0	0	9.7	1.78
Art Warren	CIN	29	26	0	0	0	21	11	3	34	8	1	3	0	0	0	1	1.29	0.9
Junior Fernandez	STL	25	18	0	0	0	20.2	25	13	15	15	2	1	0	0	0	0	5.66	1.94
Sean Reid-Foley	NYM	26	12	0	0	0	20.2	22	12	26	9	3	2	1	0	0	0	5.23	1.5
Sal Romano	CIN	28	14	0	0	0	20.2	20	12	12	9	4	0	0	0	0	0	5.23	1.4
Richard Lovelady	KC	26	20	0	0	0	20.2	16	8	23	6	3	2	0	1	0	4	3.48	1.06
Reid Detmers	LAA	22	5	5	0	0	20.2	26	17	19	11	5	1	3	0	0	0	7.4	1.79
Austin Warren	LAA	26	16	0	0	0	20.1	16	4	20	5	0	3	0	1	0	2	1.77	1.03
Edwin Uceta	LAD	24	14	1	0	0	20.1	19	15	25	12	3	0	3	0	0	0	6.64	1.52
Joel Payamps	KC	27	15	1	0	0	20.1	23	10	16	3	3	1	1	0	0	1	4.43	1.28
Daniel Castano	MIA	27	5	4	0	0	20.1	22	11	13	8	3	0	2	0	0	0	4.87	1.48
Sean Guenther	MIA	26	14	0	0	0	20.1	31	21	15	10	1	0	1	0	0	0	9.3	2.02
Daniel Norris	MIL	28	18	0	0	0	20.1	17	15	18	15	5	1	0	0	1	1	6.64	1.57
Nick Ramirez	SD	32	13	0	0	0	20.1	23	13	14	7	2	1	1	0	0	0	5.75	1.48
Brandon Workman	BOS	33	19	0	0	0	20	24	11	14	14	2	1	0	0	0	2	4.95	1.9
Shawn Armstrong	BAL	31	20	0	0	0	20	28	19	22	10	5	0	0	0	1	1	8.55	1.9
Tucker Davidson	ATL	26	4	4	0	0	20	15	8	18	8	3	0	0	0	0	0	3.6	1.15
JD Hammer	PHI	27	20	0	0	0	20	21	11	22	11	3	1	1	0	0	0	4.95	1.6
Trevor Richards	MIL	28	15	0	0	0	19.2	15	7	25	9	3	3	0	0	2	0	3.2	1.22
Andre Scrubb	HOU	27	18	0	0	0	19.2	15	11	21	14	5	1	1	0	2	2	5.03	1.47
Jerad Eickhoff	NYM	31	5	4	0	0	19.2	30	19	13	10	9	0	2	0	0	0	8.69	2.03
Adam Conley	TB	31	17	0	0	0	19.2	14	5	16	6	2	0	0	0	0	0	2.29	1.02
Matt Wisler	SF	29	21	0	0	0	19.1	19	13	26	6	4	1	2	0	1	3	6.05	1.29
Chris Archer	TB	33	6	5	0	0	19.1	18	10	21	8	3	1	1	0	0	0	4.66	1.34
J.P. Feyereisen	MIL	29	21	0	0	0	19.1	10	7	20	11	2	0	2	0	2	9	3.26	1.09
Ralph Garza	MIN	27	18	0	0	0	19.1	13	7	15	7	3	0	2	1	1	2	3.26	1.03
Daniel Hudson	SD	35	23	0	0	0	19	17	11	27	9	4	1	2	0	1	2	5.21	1.37
Andrew Albers	MIN	36	5	3	0	0	19	24	16	12	9	9	1	2	0	0	0	7.58	1.74
Joely Rodriguez	NYY	30	21	0	0	0	19	21	6	17	6	1	1	0	0	1	4	2.84	1.42
Patrick Murphy	WAS	26	17	0	0	0	18.2	19	11	23	6	2	0	2	0	0	4	5.3	1.34
J.B. Wendelken	ARI	29	20	0	0	0	18.2	15	9	13	9	2	2	2	2	0	4	4.34	1.29
Ian Krol	DET	30	18	0	0	0	18.2	23	9	18	8	2	0	0	0	0	0	4.34	1.66
Jacob Barnes	NYM	31	19	0	0	0	18.2	19	13	18	5	6	1	1	2	0	1	6.27	1.29
Justin Bruihl	LAD	24	21	2	0	0	18.2	13	6	11	7	1	0	1	0	0	3	2.89	1.07
Eric Yardley	MIL	31	17	0	0	0	18.2	24	14	5	10	3	0	0	0	1	1	6.75	1.82
John Brebbia	SF	31	18	0	0	0	18.1	25	12	22	4	4	0	1	0	0	1	5.89	1.58
Jandel Gustave	MIL	29	14	0	0	0	18.1	15	7	13	5	2	1	2	0	1	0	3.44	1.09
Jose De Leon	CIN	29	9	2	0	0	18.1	22	17	33	11	4	0	1	0	0	0	8.35	1.8
Zack Britton	NYY	34	22	0	0	0	18.1	17	12	16	14	2	0	1	1	3	11	5.89	1.69
Justin Wilson	NYY	34	21	0	0	0	18	18	15	15	9	5	1	1	0	1	2	7.5	1.5
Mike Wright	CWS	32	13	0	0	0	18	17	11	11	11	1	0	1	0	0	0	5.5	1.56
Ryan Tepera	CWS	34	22	0	0	0	18	13	5	24	7	1	0	0	1	1	6	2.5	1.11
Garrett Cleavinger	LAD	27	22	1	0	0	18	20	6	21	12	4	2	4	0	1	0	3	1.78
David Hess	MIA	28	14	1	0	0	18	24	16	16	10	7	2	2	0	2	2	8	1.89
Joe Smith	SEA	38	23	0	0	0	18	12	4	17	4	1	3	3	0	3	3	2	0.89
Fernando Abad	BAL	36	16	0	0	0	17.2	23	11	10	7	1	0	0	0	0	2	5.6	1.7
Manuel Rodriguez	CHC	25	20	0	0	0	17.2	18	12	16	12	3	3	3	1	0	1	6.11	1.7
Kent Emanuel	HOU	29	10	0	0	0	17.2	12	5	13	4	4	1	0	0	0	1	2.55	0.91
J.B. Bukauskas	ARI	25	21	0	0	0	17.1	24	15	14	7	4	2	2	0	1	1	7.79	1.79
Sean Poppen	ARI	28	20	0	0	0	17.1	20	9	21	7	1	1	1	1	0	1	4.67	1.56
Cory Abbott	CHC	26	7	1	0	0	17.1	20	13	12	11	7	0	0	0	0	0	6.75	1.79
Drew Rasmussen	MIL	26	15	0	0	0	17	13	8	25	12	2	0	1	1	0	0	4.24	1.47
Brad Wieck	CHC	30	15	0	0	0	17	10	0	28	10	0	0	0	0	0	1	0	1.18
Angel Perdomo	MIL	27	19	0	0	0	17	12	12	28	16	4	1	0	0	0	0	6.35	1.65
Sam Selman	LAA	31	18	0	0	0	17	16	12	11	8	1	0	1	0	0	1	6.35	1.41
Shane Greene	ATL	33	19	0	0	0	17	22	16	17	9	5	0	1	0	1	2	8.47	1.82
Josh Lindblom	MIL	34	8	0	0	0	16.2	23	18	17	10	5	0	0	0	0	0	9.72	1.98
Austin Davis	BOS	29	19	0	0	0	16.2	18	9	17	7	2	1	1	0	2	2	4.86	1.5
Justin Lawrence	COL	27	19	0	0	0	16.2	21	16	17	19	0	1	0	0	1	2	8.64	2.4
Janson Junk	LAA	26	4	4	0	0	16.1	20	7	10	2	5	0	1	0	0	0	3.86	1.35
Ryan Buchter	ARI	35	18	0	0	0	16.1	16	12	16	13	5	0	2	0	1	0	6.61	1.78
Tyler Webb	STL	31	22	0	0	0	16.1	22	24	14	19	1	0	0	0	0	2	13.22	2.51
Shawn Armstrong	TB	31	11	0	0	0	16	11	8	22	5	5	1	0	0	0	1	4.5	1
Hunter Strickland	TB	33	13	0	0	0	16	14	3	16	6	1	0	0	0	0	1	1.69	1.25
Justin Wilson	CIN	34	21	0	0	0	16	14	5	14	7	1	0	0	0	0	2	2.81	1.31
Justin Miller	STL	34	18	0	0	0	16	15	8	9	5	2	1	0	1	0	1	4.5	1.25
Corbin Martin	ARI	26	5	3	0	0	16	23	19	13	14	5	0	3	0	0	0	10.69	2.31
Cody Stashak	MIN	27	15	0	0	0	15.2	16	12	26	10	2	0	0	0	0	2	6.89	1.66
Heath Hembree	NYM	33	15	0	0	0	15.2	13	6	15	5	2	0	0	1	0	1	3.45	1.15
Scott Alexander	LAD	32	18	0	0	0	15.1	15	5	8	4	2	0	2	0	1	2	2.93	1.24
Lewis Thorpe	MIN	26	5	4	0	0	15.1	14	8	6	7	2	0	2	0	0	0	4.7	1.37
Derek Law	MIN	31	9	0	0	0	15	16	7	14	8	2	0	0	0	0	0	4.2	1.6
Dennis Santana	LAD	25	16	0	0	0	15	18	10	8	11	0	0	0	0	0	1	6	1.93
T.J. Zeuch	TOR	26	5	3	0	0	15	21	11	8	9	6	0	2	0	0	0	6.6	2
Daulton Jefferies	OAK	26	5	1	0	0	15	11	6	8	4	1	1	0	0	0	0	3.6	1
Miguel Yajure	PIT	23	4	3	0	0	15	17	14	11	7	6	0	2	0	0	0	8.4	1.6
Nate Pearson	TOR	25	12	1	0	0	15	14	7	20	12	2	1	1	0	0	0	4.2	1.73
Seth Frankoff	ARI	33	4	3	0	0	14.2	20	15	11	9	4	0	2	0	0	0	9.2	1.98
Ryan Sherriff	TB	31	16	0	0	0	14.2	14	9	16	9	0	0	1	1	1	1	5.52	1.57
Ljay Newsome	SEA	25	7	1	0	0	14.2	20	13	16	3	5	1	1	0	0	0	7.98	1.57
Jimmy Herget	LAA	28	14	0	0	0	14.2	15	7	18	4	0	2	2	0	2	0	4.3	1.3
Jon Heasley	KC	25	3	3	0	0	14.2	15	8	6	3	3	1	1	0	0	0	4.91	1.23
Scott Effross	CHC	28	14	0	0	0	14.2	13	6	18	1	2	2	1	0	1	3	3.68	0.95
Nick Nelson	NYY	26	11	2	0	0	14.1	15	14	22	16	0	0	2	0	1	0	8.79	2.16
Reymin Guduan	OAK	30	11	0	0	0	14.1	19	10	5	5	1	0	0	0	1	0	6.28	1.67
Josh Osich	CIN	33	17	0	0	0	14.1	15	8	9	5	4	2	0	1	2	3	5.02	1.4
Tommy Milone	TOR	35	6	1	0	0	14	20	10	17	3	3	1	0	1	0	0	6.43	1.64
Conner Menez	SF	26	8	1	0	0	14	16	6	15	3	2	1	0	0	0	2	3.86	1.36
Peter Solomon	HOU	25	6	0	0	0	14	10	2	10	8	0	1	0	0	0	0	1.29	1.29
Austin Brice	BOS	29	13	0	0	0	13.2	14	10	12	7	2	0	0	0	0	0	6.59	1.54
Kohl Stewart	CHC	27	4	3	0	0	13.2	17	8	11	6	2	1	1	0	0	0	5.27	1.68
Kyle Ryan	CHC	30	13	0	0	0	13.1	17	10	8	6	3	0	0	1	0	0	6.75	1.73
A.J. Puk	OAK	26	12	0	0	0	13.1	18	9	16	6	1	0	3	0	2	0	6.08	1.8
Brad Hand	NYM	32	16	0	0	0	13.1	12	4	14	5	1	1	0	0	2	3	2.7	1.28
Shane Baz	TB	22	3	3	0	0	13.1	6	3	18	3	3	2	0	0	0	0	2.03	0.68
Kervin Castro	SF	23	10	0	0	0	13.1	13	0	13	4	0	1	1	0	0	0	0	1.28
Julian Merryweather	TOR	30	13	1	0	0	13	13	7	12	4	4	0	1	2	0	1	4.85	1.31
Jimmy Lambert	CWS	27	4	3	0	0	13	16	9	10	6	3	1	1	0	0	0	6.23	1.69
Jhonathan Diaz	LAA	25	3	2	0	0	13	11	6	9	7	1	1	0	0	0	0	4.15	1.38
Grant Dayton	ATL	34	13	0	0	0	13	15	9	14	6	2	0	0	0	0	1	6.23	1.62
Jon Duplantier	ARI	27	4	4	0	0	13	19	19	12	8	5	0	3	0	0	0	13.15	2.08
Kyle Barraclough	MIN	31	10	0	0	0	13	12	8	18	8	4	2	0	0	0	1	5.54	1.54
Nick Vincent	MIN	35	7	0	0	0	12.2	6	1	9	5	1	1	0	0	0	0	0.71	0.87
Vince Velasquez	SD	29	4	4	0	0	12.2	15	12	16	4	6	0	3	0	0	0	8.53	1.5
Wyatt Mills	SEA	27	11	0	0	0	12.2	19	14	11	7	1	0	0	0	0	0	9.95	2.05
Cristopher Sanchez	PHI	25	7	1	0	0	12.2	16	7	13	7	1	1	0	0	0	0	4.97	1.82
Konner Wade	BAL	30	7	0	0	0	12.1	23	16	11	5	3	0	0	0	0	0	11.68	2.27
Kyle Tyler	LAA	25	5	0	0	0	12.1	8	4	6	6	1	0	0	0	0	0	2.92	1.14
Jake Arrieta	SD	36	4	4	0	0	12.1	18	15	9	5	3	0	3	0	0	0	10.95	1.86
Yoan Lopez	ARI	29	13	0	0	0	12.1	18	9	13	6	3	0	0	0	3	2	6.57	1.95
Ryan Brasier	BOS	34	13	0	0	0	12	12	2	9	4	2	1	1	0	0	3	1.5	1.33
David Robertson	TB	36	12	1	0	0	12	11	6	16	4	2	0	0	0	2	2	4.5	1.25
Luis Madero	MIA	24	6	0	0	0	12	13	12	4	8	3	0	0	0	0	0	9	1.75
Trevor Richards	TB	28	6	0	0	0	12	9	6	16	3	2	0	0	1	0	1	4.5	1
Nick Margevicius	SEA	25	5	3	0	0	12	13	11	12	7	2	0	2	0	0	0	8.25	1.67
Andre Jackson	LAD	25	3	0	0	0	11.2	10	3	10	6	1	0	1	1	0	0	2.31	1.37
Seth Elledge	STL	25	11	0	0	0	11.2	13	6	11	7	1	0	0	0	0	0	4.63	1.71
Reiver Sanmartin	CIN	25	2	2	0	0	11.2	12	2	11	2	0	2	0	0	0	0	1.54	1.2
Antonio Santos	COL	25	7	0	0	0	11.1	9	6	10	5	1	0	1	0	0	0	4.76	1.24
Gabe Klobosits	WAS	26	11	0	0	0	11.1	13	7	5	5	0	0	1	0	0	4	5.56	1.59
Scott Kazmir	SF	38	5	4	0	0	11.1	15	8	10	6	3	0	1	0	0	0	6.35	1.85
Sean Doolittle	SEA	35	11	0	0	0	11.1	10	6	12	5	1	0	0	0	0	1	4.76	1.32
Ben Rowen	LAA	33	8	0	0	0	11.1	12	7	8	2	3	0	0	0	0	0	5.56	1.24
Kyle Cody	TEX	27	7	0	0	0	11.1	16	10	14	2	3	0	2	0	0	0	7.94	1.59
Domingo Acevedo	OAK	27	10	0	0	0	11	9	4	9	4	3	0	0	0	0	0	3.27	1.18
Matt Andriese	SEA	32	8	0	0	0	11	10	3	12	2	0	0	0	0	0	0	2.45	1.09
Ralph Garza	HOU	27	9	0	0	0	11	11	5	14	7	2	1	2	0	0	0	4.09	1.64
Alberto Baldonado	WAS	29	14	0	0	0	10.2	10	10	12	7	3	0	1	0	4	3	8.44	1.59
Travis Bergen	TOR	28	10	1	0	0	10.2	5	2	6	8	1	2	0	0	1	0	1.69	1.22
Darren O'Day	NYY	39	12	0	0	0	10.2	9	4	11	4	2	0	0	0	0	4	3.38	1.22
Shelby Miller	PIT	31	10	0	0	0	10.2	9	6	7	6	3	0	1	0	0	1	5.06	1.41
Jason Adam	CHC	30	12	0	0	0	10.2	10	7	19	6	1	1	0	0	0	2	5.91	1.5
Jesse Biddle	ATL	30	8	0	0	0	10.2	10	10	11	8	1	0	0	0	0	0	8.44	1.69
Keone Kela	SD	28	12	0	0	0	10.2	11	6	13	3	3	2	2	0	2	1	5.06	1.31
Jimmie Sherfy	SF	30	10	0	0	0	10.2	9	5	9	4	2	1	0	0	0	0	4.22	1.22
Alex Young	CLE	28	10	0	0	0	10.1	15	9	5	7	1	0	0	0	0	1	7.84	2.13
Cam Bedrosian	PHI	30	11	1	0	0	10.1	8	5	8	7	2	0	0	0	1	1	4.35	1.45
David Phelps	TOR	35	11	1	0	0	10.1	8	1	15	4	0	0	0	0	0	4	0.87	1.16
Edgar Garcia	MIN	25	6	0	0	0	10.1	9	12	8	7	3	0	0	0	0	1	10.45	1.55
Nate Jones	ATL	36	12	0	0	0	10.1	8	4	7	10	3	0	2	0	1	2	3.48	1.74
Shawn Morimando	MIA	29	4	0	0	0	10.1	18	11	9	5	2	0	0	0	0	0	9.58	2.23
Sam Moll	OAK	30	8	0	0	0	10.1	8	4	8	5	1	0	0	0	0	0	3.48	1.26
Eric Hanhold	BAL	28	10	0	0	0	10.1	13	8	6	3	2	0	0	0	1	0	6.97	1.55
Jason Foley	DET	26	11	0	0	0	10.1	8	3	6	5	1	0	0	0	0	2	2.61	1.26
Corey Oswalt	NYM	28	3	1	0	0	10.1	12	4	10	2	1	1	1	0	0	1	3.48	1.35
Evan Phillips	LAD	27	7	0	0	0	10.1	8	4	9	5	0	1	1	0	0	0	3.48	1.26
Mike Baumann	BAL	26	4	0	0	0	10	13	11	5	6	2	1	1	0	0	1	9.9	1.9
Jake Jewell	CHC	28	10	0	0	0	10	18	11	10	5	5	0	2	0	0	0	9.9	2.3
Alec Bettinger	MIL	26	4	1	0	0	10	18	15	5	3	3	0	1	0	0	0	13.5	2.1
Jordan Hicks	STL	25	10	0	0	0	10	5	6	10	10	0	0	0	0	0	3	5.4	1.5
Shaun Anderson	BAL	27	7	0	0	0	10	17	10	7	5	3	0	0	0	0	0	9	2.2
Jacob Barnes	TOR	31	10	0	0	0	10	12	7	15	6	1	0	1	0	0	0	6.3	1.8
Cody Reed	TB	28	12	0	0	0	9.2	8	4	7	6	1	0	1	0	0	3	3.72	1.45
Jose Quintana	SF	33	5	0	0	0	9.2	8	5	12	6	3	0	0	0	0	0	4.66	1.45
Kyle Nelson	CLE	25	10	0	0	0	9.2	10	10	8	8	0	0	0	0	0	0	9.31	1.86
Austin Davis	PIT	29	10	0	0	0	9.2	6	6	11	5	2	0	1	0	1	2	5.59	1.14
Daniel Camarena	SD	29	6	0	0	0	9.1	16	10	7	3	2	0	1	0	0	0	9.64	2.04
Jeremy Beasley	TOR	26	8	0	0	0	9.1	7	8	13	9	3	0	1	0	0	0	7.71	1.71
Oliver Ortega	LAA	25	8	0	0	0	9.1	12	5	4	2	1	1	0	0	0	0	4.82	1.5
Patrick Murphy	TOR	26	8	0	0	0	9.1	12	5	6	4	1	0	1	0	0	1	4.82	1.71
Mike Fiers	OAK	36	2	2	0	0	9.1	15	8	5	4	4	0	2	0	0	0	7.71	2.04
Thomas Hatch	TOR	27	3	2	0	0	9.1	11	7	8	6	2	0	1	0	0	0	6.75	1.82
Beau Burrows	MIN	25	5	1	0	0	9.1	14	13	5	8	5	0	1	0	0	0	12.54	2.36
Adam Kolarek	OAK	33	12	0	0	0	9	15	8	4	5	2	0	0	0	0	0	8	2.22
JoJo Romero	PHI	25	11	0	0	0	9	12	7	8	4	4	0	0	0	0	3	7	1.78
Zack Burdi	CWS	27	6	0	0	0	9	13	6	6	4	3	0	0	0	0	0	6	1.89
Cam Bedrosian	OAK	30	9	0	0	0	9	9	2	8	4	2	0	0	0	0	0	2	1.44
Darren McCaughan	SEA	26	2	1	0	0	9	8	8	2	4	3	0	0	0	0	0	8	1.33
Ashton Goudeau	CIN	29	5	0	0	0	9	8	4	5	9	1	0	0	0	0	0	4	1.89
Enoli Paredes	HOU	26	12	0	0	0	8.2	7	6	15	17	0	0	0	0	0	2	6.23	2.77
Dusten Knight	BAL	31	7	0	0	0	8.2	11	9	11	5	1	0	0	0	0	0	9.35	1.85
Connor Overton	PIT	28	5	3	0	0	8.2	10	8	11	3	2	0	1	0	0	0	8.31	1.5
Nate Jones	LAD	36	8	0	0	0	8.2	8	8	7	2	4	0	0	0	0	3	8.31	1.15
Brad Hand	TOR	32	11	0	0	0	8.2	13	7	5	3	3	0	2	0	1	0	7.27	1.85
Hunter Harvey	BAL	27	9	0	0	0	8.2	8	4	6	3	1	0	0	0	0	2	4.15	1.27
Dakota Hudson	STL	27	2	1	0	0	8.2	7	2	6	1	0	1	0	0	0	0	2.08	0.92
Shaun Anderson	MIN	27	4	0	0	0	8.2	13	9	8	5	1	0	0	0	0	0	9.35	2.08
Wandy Peralta	SF	30	10	0	0	0	8.1	11	5	8	3	1	2	1	2	1	0	5.4	1.68
Deivi Garcia	NYY	22	2	2	0	0	8.1	8	6	7	4	1	0	2	0	0	0	6.48	1.44
Ramon Rosso	PHI	25	7	0	0	0	8	10	5	7	3	2	0	0	0	0	0	5.63	1.63
Josiah Gray	LAD	24	2	1	0	0	8	7	6	13	5	4	0	0	0	0	0	6.75	1.5
Jovani Moran	MIN	24	5	0	0	0	8	9	7	10	7	0	0	0	0	0	0	7.88	2
Tommy Hunter	NYM	35	4	1	0	0	8	4	0	6	3	0	0	0	0	0	0	0	0.88
Joakim Soria	TOR	37	10	0	0	0	8	8	7	9	4	2	0	0	0	1	2	7.88	1.5
James Hoyt	LAA	35	9	0	0	0	8	12	6	11	7	0	0	0	0	0	0	6.75	2.38
Aaron Northcraft	SD	31	5	0	0	0	8	5	2	5	8	1	1	0	0	0	0	2.25	1.63
Sam Selman	SF	31	7	0	0	0	8	4	4	8	4	2	0	0	0	1	0	4.5	1
Brandon Workman	CHC	33	10	0	0	0	8	12	6	11	7	2	0	2	0	0	2	6.75	2.38
A.J. Cole	TOR	30	6	0	0	0	8	6	1	7	1	1	0	0	1	1	1	1.13	0.88
Gabe Speier	KC	26	7	0	0	0	7.2	10	1	5	0	0	0	0	0	0	0	1.17	1.3
Michael Feliz	PIT	28	7	0	0	0	7.2	8	2	8	1	0	0	0	0	0	0	2.35	1.17
Adonis Medina	PHI	25	4	1	0	0	7.2	9	3	6	4	0	0	0	0	0	0	3.52	1.7
Anthony Swarzak	KC	36	7	0	0	0	7.2	13	8	5	0	3	0	0	0	0	0	9.39	1.7
Kirby Snead	TOR	27	7	0	0	0	7.2	7	2	7	2	0	0	1	0	0	0	2.35	1.17
Darien Nunez	LAD	29	6	1	0	0	7.2	8	7	8	4	3	0	1	0	1	0	8.22	1.57
Mac Sceroler	BAL	26	5	0	0	0	7.2	15	12	11	7	6	0	0	0	0	0	14.09	2.87
Brooks Kriske	NYY	28	8	0	0	0	7.2	12	13	7	6	5	1	1	0	1	0	15.26	2.35
Nivaldo Rodriguez	HOU	24	4	0	0	0	7.1	4	2	3	4	2	0	0	0	0	0	2.45	1.09
Ryan Meisinger	CHC	27	7	0	0	0	7.1	11	10	6	5	2	0	0	0	0	0	12.27	2.18
Randy Messenger	CHC	40	7	0	0	0	7.1	11	10	6	5	2	0	0	0	0	0	12.27	2.18
Anthony Banda	NYM	28	5	0	0	0	7.1	14	6	7	1	2	1	0	0	1	0	7.36	2.05
Joey Krehbiel	BAL	29	5	0	0	0	7.1	5	4	5	4	1	0	0	0	0	2	4.91	1.23
Enyel De Los Santos	PIT	26	7	0	0	0	7.1	9	4	6	4	1	1	0	0	0	1	4.91	1.77
Chris Devenski	ARI	31	8	0	0	0	7.1	11	7	5	2	2	1	0	1	2	1	8.59	1.77
Tanner Roark	TOR	35	3	1	0	0	7	7	5	5	2	3	0	1	0	0	0	6.43	1.29
Ross Detwiler	SD	36	7	0	0	0	7	3	2	6	5	2	1	0	0	0	0	2.57	1.14
Hans Crouse	PHI	23	2	2	0	0	7	4	4	2	7	2	0	2	0	0	0	5.14	1.57
Miguel Aguilar	ARI	30	9	0	0	0	7	6	5	3	4	0	1	1	0	0	2	6.43	1.43
Ty Tice	TOR	25	4	0	0	0	7	9	4	6	4	1	0	0	0	0	0	5.14	1.86
Ian Gibaut	MIN	28	3	0	0	0	6.2	7	2	4	2	2	0	0	0	0	0	2.7	1.35
Julian Fernandez	COL	26	6	0	0	0	6.2	9	8	4	4	2	0	0	0	0	0	10.8	1.95
Jordan Yamamoto	NYM	25	2	1	0	0	6.2	10	3	3	2	0	1	1	0	0	0	4.05	1.8
Francisco Perez	CLE	24	4	0	0	0	6.2	6	3	5	3	0	0	0	0	0	0	4.05	1.35
Connor Overton	TOR	28	4	0	0	0	6.2	4	0	4	2	0	0	0	0	0	0	0	0.9
Wade LeBlanc	BAL	37	6	1	0	0	6.2	11	7	6	1	1	0	1	0	0	0	9.45	1.8
Shane Greene	LAD	33	9	0	0	0	6.2	3	3	7	5	1	0	0	1	0	0	4.05	1.2
Anthony Gose	CLE	31	6	0	0	0	6.2	2	1	9	2	0	0	0	0	0	0	1.35	0.6
Matt Strahm	SD	30	6	1	0	0	6.2	15	6	4	1	0	0	1	0	1	0	8.1	2.4
Mauricio Llovera	PHI	25	6	0	0	0	6.2	10	7	7	4	5	1	0	0	0	0	9.45	2.1
Michael Feliz	CIN	28	9	0	0	0	6.2	13	12	9	4	2	0	0	1	0	0	16.2	2.55
Jace Fry	CWS	28	6	0	0	0	6.2	10	8	3	6	1	0	1	0	0	0	10.8	2.4
Ronald Bolanos	KC	25	3	0	0	0	6.1	4	1	10	2	0	0	0	0	0	0	1.42	0.95
Hunter Strickland	LAA	33	9	0	0	0	6.1	11	7	4	4	3	0	0	0	0	0	9.95	2.37
Taylor Williams	MIA	30	6	0	0	0	6.1	9	5	3	5	1	0	0	0	0	0	7.11	2.21
Ryan Feltner	COL	25	2	2	0	0	6.1	9	8	6	5	3	0	1	0	0	0	11.37	2.21
Dylan Coleman	KC	25	5	0	0	0	6.1	5	1	7	1	0	0	0	0	0	0	1.42	0.95
Clarke Schmidt	NYY	26	2	1	0	0	6.1	11	4	6	5	1	0	0	0	0	0	5.68	2.53
Kyle Wright	ATL	26	2	2	0	0	6.1	7	7	6	5	2	0	1	0	0	0	9.95	1.89
Nick Anderson	TB	31	6	0	0	0	6	4	3	1	2	2	0	1	1	0	0	4.5	1
Rafael Montero	HOU	31	4	0	0	0	6	3	0	5	2	0	0	1	0	0	0	0	0.83
Will Harris	WAS	37	8	0	0	0	6	7	6	9	3	1	0	1	0	0	0	9	1.67
Nick Tropeano	SF	31	4	0	0	0	6	4	1	2	2	0	1	0	0	0	0	1.5	1
Jake Petricka	LAA	33	7	0	0	0	6	6	10	8	7	1	0	1	0	1	1	15	2.17
Javy Guerra	WAS	36	6	0	0	0	6	12	11	4	3	3	0	1	0	0	0	16.5	2.5
Luis Severino	NYY	28	4	0	0	0	6	2	0	8	1	0	1	0	0	0	1	0	0.5
Colin Rea	MIL	31	1	0	0	0	6	7	5	5	0	2	0	0	0	0	0	7.5	1.17
Ryan Weber	BOS	31	1	0	0	0	5.2	13	11	7	2	4	0	0	0	0	0	17.47	2.65
Peter Lambert	COL	24	2	2	0	0	5.2	12	7	3	2	2	0	0	0	0	0	11.12	2.47
Cam Bedrosian	CIN	30	6	0	0	0	5.2	10	7	7	6	2	0	0	0	0	0	11.12	2.82
Jordan Zimmermann	MIL	35	2	0	0	0	5.2	8	5	0	2	1	0	0	0	0	0	7.94	1.76
Joan Adon	WAS	23	1	1	0	0	5.1	6	2	9	3	1	0	0	0	0	0	3.38	1.69
Miguel Del Pozo	DET	29	5	0	0	0	5.1	8	2	4	2	0	0	0	0	0	0	3.38	1.88
Brad Peacock	BOS	34	2	1	0	0	5.1	6	9	3	3	2	0	1	0	0	0	15.19	1.69
Taylor Williams	SD	30	5	0	0	0	5.1	3	1	6	3	0	0	0	0	0	1	1.69	1.13
Carl Edwards	TOR	30	6	0	0	0	5.1	8	4	5	2	2	0	0	0	1	0	6.75	1.88
Michael Feliz	BOS	28	4	0	0	0	5.1	4	2	5	1	2	0	0	0	0	0	3.38	0.94
Jake Reed	LAD	29	6	1	0	0	5.1	5	2	5	2	1	0	0	0	1	0	3.38	1.31
Scott Blewett	KC	25	3	0	0	0	5	3	1	4	5	0	0	0	0	0	0	1.8	1.6
Hunter Wood	TEX	28	5	0	0	0	5	2	2	5	2	1	0	0	0	0	1	3.6	0.8
Luis Avilan	WAS	32	4	0	0	0	5	7	7	4	3	1	0	1	0	0	0	12.6	2
Robert Stock	NYM	32	2	2	0	0	5	6	3	6	3	2	0	1	0	0	0	5.4	1.8
Julio Teheran	DET	31	1	1	0	0	5	4	1	3	3	1	1	0	0	0	0	1.8	1.4
Josh James	HOU	29	5	0	0	0	5	4	3	8	2	1	0	0	0	0	0	5.4	1.2
Tanner Anderson	PIT	28	1	0	0	0	5	5	2	1	0	0	0	0	0	0	0	3.6	1
James Norwood	SD	28	5	0	0	0	5	6	0	3	3	0	0	0	0	0	0	0	1.8
Shea Spitzbarth	PIT	27	5	0	0	0	5	4	2	1	2	1	0	0	0	0	1	3.6	1.2
Stephen Ridings	NYY	26	5	0	0	0	5	4	1	7	2	0	0	0	0	0	1	1.8	1.2
Angel Zerpa	KC	22	1	1	0	0	5	3	0	4	1	0	0	1	0	0	0	0	0.8
Jake Latz	TEX	25	1	1	0	0	4.2	5	3	4	0	3	0	1	0	0	0	5.79	1.07
Sean Poppen	PIT	28	3	0	0	0	4.2	11	4	4	2	1	0	0	0	0	0	7.71	2.79
Geoff Hartlieb	PIT	28	4	0	0	0	4.2	3	4	4	5	0	0	0	0	0	0	7.71	1.71
Devin Smeltzer	MIN	26	1	0	0	0	4.2	1	0	3	1	0	0	0	0	0	0	0	0.43
Tyler Ivey	HOU	25	1	1	0	0	4.2	6	4	3	1	1	0	0	0	0	0	7.71	1.5
Anthony Swarzak	ARI	36	6	0	0	0	4.2	7	5	4	1	1	0	1	0	0	0	9.64	1.71
Brandyn Sittinger	ARI	27	5	0	0	0	4.2	5	4	1	2	3	0	1	0	2	0	7.71	1.5
AJ Ramos	LAA	35	4	0	0	0	4.2	0	0	3	2	0	0	0	0	0	0	0	0.43
Austin Pruitt	MIA	32	4	0	0	0	4.2	4	1	4	0	0	0	0	0	0	0	1.93	0.86
Shaun Anderson	SD	27	5	0	0	0	4.2	6	3	4	2	0	0	0	0	0	0	5.79	1.71
Jake Reed	NYM	29	4	0	0	0	4.2	5	2	5	0	0	0	1	0	0	0	3.86	1.07
Adrian Morejon	SD	23	2	2	0	0	4.2	5	2	3	2	2	0	0	0	0	0	3.86	1.5
Brent Honeywell	TB	27	3	2	0	0	4.1	5	4	4	3	2	0	0	0	0	0	8.31	1.85
Brandon Waddell	STL	27	4	0	0	0	4.1	4	2	6	5	0	0	0	0	0	0	4.15	2.08
Jimmie Sherfy	LAD	30	4	0	0	0	4.1	3	2	3	0	1	1	1	0	0	0	4.15	0.69
John Curtiss	MIL	29	6	0	0	0	4.1	8	6	4	3	2	0	0	0	1	3	12.46	2.54
Jordan Weems	OAK	29	5	0	0	0	4.1	2	3	4	3	1	0	0	0	0	0	6.23	1.15
Stephen Gonsalves	BOS	27	3	0	0	0	4.1	2	2	4	2	0	0	0	0	0	0	4.15	0.92
Pedro Baez	HOU	34	4	0	0	0	4.1	2	1	5	1	1	0	0	0	0	0	2.08	0.69
Edgar Garcia	CIN	25	5	0	0	0	4.1	10	8	4	1	2	0	1	0	1	0	16.62	2.54
Daniel Zamora	SEA	28	4	0	0	0	4.1	5	3	3	1	1	2	0	0	0	0	6.23	1.38
Jake Newberry	KC	27	4	0	0	0	4.1	10	8	5	3	2	0	0	0	0	0	16.62	3
Geoff Hartlieb	NYM	28	3	0	0	0	4.1	7	7	5	6	0	0	0	0	0	0	14.54	3
Isaac Mattson	BAL	26	4	0	0	0	4.1	5	3	3	5	0	0	0	0	0	0	6.23	2.31
Jhon Romero	WAS	27	5	0	0	0	4	5	2	3	0	0	0	0	0	0	0	4.5	1.25
Jimmy Herget	TEX	28	4	0	0	0	4	5	4	2	0	1	0	1	0	0	1	9	1.25
Jose Marte	LAA	25	4	0	0	0	4	4	4	5	3	1	0	1	0	1	0	9	1.75
Matt Bush	TEX	36	4	0	0	0	4	4	3	5	1	3	0	0	0	0	2	6.75	1.25
Tyler Chatwood	SF	32	2	0	0	0	4	6	3	6	1	1	0	1	0	0	0	6.75	1.75
Robert Stock	CHC	32	1	1	0	0	4	4	5	3	6	1	0	1	0	0	0	11.25	2.5
Asher Wojciechowski	NYY	33	1	1	0	0	4	3	2	4	3	1	0	0	0	0	0	4.5	1.5
Bryan Mitchell	MIA	30	2	0	0	0	4	5	2	4	2	0	0	0	0	0	0	4.5	1.75
Reyes Moronta	SF	29	4	0	0	0	4	1	1	2	0	1	0	0	0	0	2	2.25	0.25
Pedro Avila	SD	25	1	1	0	0	4	4	1	5	3	1	0	1	0	0	0	2.25	1.75
Patrick Weigel	MIL	27	3	0	0	0	4	4	2	9	4	1	0	0	0	0	0	4.5	2
Brandon Waddell	MIN	27	4	0	0	0	4	10	5	1	3	2	0	1	0	0	0	11.25	3.25
Chris Ellis	TB	29	1	0	0	0	4	3	0	7	1	0	1	0	0	0	0	0	1
Javy Guerra	SD	26	4	0	0	0	3.2	4	2	3	2	0	0	0	0	0	0	4.91	1.64
Rony Garcia	DET	24	2	0	0	0	3.2	1	1	2	2	1	0	0	0	1	0	2.45	0.82
Thomas Szapucki	NYM	25	1	0	0	0	3.2	7	6	4	3	2	0	0	0	0	0	14.73	2.73
Drew Carlton	DET	26	4	0	0	0	3.2	6	2	1	4	1	0	0	0	0	0	4.91	2.73
Dauri Moreta	CIN	25	4	0	0	0	3.2	2	1	4	1	1	0	0	0	0	0	2.45	0.82
Nick Snyder	TEX	26	4	0	0	0	3.2	3	2	1	3	0	0	0	0	0	1	4.91	1.64
Oliver Perez	CLE	40	5	0	0	0	3.2	5	0	4	1	0	0	1	0	0	0	0	1.64
Aaron Fletcher	SEA	26	4	0	0	0	3.2	7	5	2	1	1	0	0	0	0	0	12.27	2.18
Brooks Kriske	BAL	28	4	0	0	0	3.2	5	5	4	0	2	1	0	0	0	0	12.27	1.36
Mickey Jannis	BAL	34	1	0	0	0	3.1	8	7	1	4	3	0	0	0	0	0	18.9	3.6
Luis Frias	ARI	23	3	0	0	0	3.1	2	1	3	5	0	0	0	0	0	1	2.7	2.1
Justin Topa	MIL	31	4	0	0	0	3.1	12	11	1	1	2	0	0	0	0	0	29.7	3.9
Andrew Bellatti	MIA	30	3	0	0	0	3.1	6	5	4	2	0	0	0	0	0	0	13.5	2.4
Zack Godley	MIL	31	2	1	0	0	3.1	4	6	5	5	2	0	1	0	1	0	16.2	2.7
Ryan Castellani	COL	26	1	1	0	0	3.1	5	2	2	4	1	0	0	0	0	0	5.4	2.7
Sal Romano	NYY	28	4	0	0	0	3.1	7	2	5	2	0	0	1	0	0	1	5.4	2.7
Noe Ramirez	LAA	32	2	0	0	0	3.1	5	2	0	1	1	0	0	0	0	0	5.4	1.8
Jesse Hahn	KC	32	5	0	0	0	3.1	5	5	3	4	2	0	0	1	2	1	13.5	2.7
Justin Miller	WAS	34	5	0	0	0	3	5	5	4	1	3	0	0	0	0	1	15	2
Zac Rosscup	COL	33	4	0	0	0	3	3	1	4	1	1	0	0	0	0	0	3	1.33
Brandon Brennan	BOS	30	1	0	0	0	3	3	0	1	2	0	0	0	0	0	0	0	1.67
Joe Biagini	CHC	31	1	0	0	0	3	2	0	2	1	0	1	0	0	0	0	0	1
Ryan Weber	SEA	31	2	0	0	0	3	1	2	1	2	1	0	0	0	0	0	6	1
Yacksel Rios	SEA	28	3	0	0	0	3	5	3	2	2	0	0	0	0	0	0	9	2.33
Mason Thompson	SD	24	4	0	0	0	3	4	1	2	1	0	0	0	0	0	1	3	1.67
Roansy Contreras	PIT	22	1	1	0	0	3	3	0	4	1	0	0	0	0	0	0	0	1.33
Evan Phillips	TB	27	1	0	0	0	3	3	1	2	0	1	0	0	1	0	0	3	1
Stephen Nogosek	NYM	27	1	0	0	0	3	3	2	5	0	2	0	1	0	0	0	6	1
Connor Seabold	BOS	26	1	1	0	0	3	3	2	0	2	1	0	0	0	0	0	6	1.67
John Schreiber	BOS	28	1	0	0	0	3	4	1	5	1	0	0	0	0	0	0	3	1.67
Eduard Bazardo	BOS	26	2	0	0	0	3	1	0	3	2	0	0	0	0	0	0	0	1
Seth Martinez	HOU	27	3	0	0	0	3	5	5	3	3	0	0	0	0	0	0	15	2.67
Neftali Feliz	LAD	33	3	0	0	0	3	1	0	1	0	0	0	0	0	0	0	0	0.33
Brody Koerner	NYY	28	2	0	0	0	3	2	1	1	2	0	0	0	0	0	0	3	1.33
Manny Barreda	BAL	33	3	0	0	0	2.2	4	4	2	2	2	1	0	0	0	0	13.5	2.25
DJ Johnson	TB	32	3	0	0	0	2.2	0	0	2	0	0	0	0	0	0	0	0	0
R.J. Alaniz	CIN	30	3	0	0	0	2.2	1	1	3	3	1	0	0	0	0	0	3.38	1.5
Austin Pruitt	HOU	32	2	0	0	0	2.2	3	2	1	0	2	0	1	0	0	0	6.75	1.13
Trevor Hildenberger	NYM	31	2	0	0	0	2.1	3	4	4	3	1	0	0	0	0	0	15.43	2.57
Ryan Hartman	HOU	27	1	0	0	0	2.1	3	1	2	0	1	0	0	0	0	0	3.86	1.29
Spencer Strider	ATL	23	2	0	0	0	2.1	2	1	0	1	1	1	0	0	0	0	3.86	1.29
Elvis Peguero	LAA	25	3	0	0	0	2.1	7	7	0	3	0	0	1	0	0	0	27	4.29
Raynel Espinal	BOS	30	1	0	0	0	2	2	2	0	1	0	0	0	0	0	0	9	1.5
Kutter Crawford	BOS	26	1	1	0	0	2	5	5	2	2	1	0	1	0	0	0	22.5	3.5
Pedro Strop	CHC	36	2	0	0	0	2	2	0	3	2	0	1	0	0	0	0	0	2
Alex McRae	CWS	28	2	0	0	0	2	3	1	1	1	0	0	0	0	0	0	4.5	2
Gregory Santos	SF	22	3	0	0	0	2	5	5	3	2	3	0	2	0	0	1	22.5	3.5
Dylan Lee	ATL	27	2	0	0	0	2	3	2	3	0	1	0	0	0	0	0	9	1.5
Angel Rondon	STL	24	2	0	0	0	2	1	0	1	1	0	0	0	0	0	0	0	1
Yefry Ramirez	LAD	28	1	0	0	0	2	0	0	2	1	0	0	0	0	0	0	0	0.5
David Paulino	PHI	28	1	0	0	0	2	3	2	0	0	1	0	0	0	0	0	9	1.5
David Hess	TB	28	1	0	0	0	2	8	6	2	1	3	0	0	0	0	0	27	4.5
Brady Lail	SEA	28	2	0	0	0	2	4	3	1	0	1	0	0	0	0	0	13.5	2
Conner Greene	LAD	27	2	0	0	0	2	2	0	2	0	0	0	0	0	0	0	0	1
Preston Guilmet	MIA	34	2	0	0	0	2	2	1	1	0	1	0	0	0	0	1	4.5	1
Domingo Tapia	SEA	30	2	0	0	0	2	4	0	1	1	0	0	0	0	0	0	0	2.5
Nick Tropeano	NYM	31	1	0	0	0	2	4	1	0	1	1	0	0	0	0	0	4.5	2.5
Mike Kickham	LAD	33	1	0	0	0	2	5	3	2	1	1	0	0	0	0	0	13.5	3
Noah Syndergaard	NYM	29	2	2	0	0	2	3	2	2	0	1	0	1	0	0	0	9	1.5
Brandon Dickson	STL	37	2	0	0	0	2	5	3	1	0	1	0	0	0	0	0	13.5	2.5
Shelby Miller	CHC	31	3	0	0	0	2	7	7	1	5	0	0	0	0	0	0	31.5	6
Beau Burrows	DET	25	1	0	0	0	1.2	2	4	3	2	0	0	0	0	0	0	21.6	2.4
Keury Mella	ARI	28	2	0	0	0	1.2	8	6	2	2	2	0	0	0	0	0	32.4	6
Felix Pena	LAA	32	2	0	0	0	1.2	7	7	2	4	0	0	0	0	0	0	37.8	6.6
Jorge Guzman	MIA	26	2	0	0	0	1.2	4	6	3	6	0	0	0	0	0	0	32.4	6
DJ Johnson	CLE	32	1	0	0	0	1.2	2	1	3	0	1	0	0	0	0	0	5.4	1.2
Andrew Vasquez	LAD	28	2	0	0	0	1.2	1	0	3	0	0	0	0	0	1	0	0	0.6
Riley O'Brien	CIN	27	1	1	0	0	1.1	2	2	2	3	2	0	1	0	0	0	13.5	3.75
Jay Flaa	ATL	29	1	0	0	0	1.1	3	4	2	1	2	0	0	0	0	0	27	3
Jay Flaa	BAL	29	1	0	0	0	1.1	0	0	1	2	0	0	0	0	0	0	0	1.5
Cooper Criswell	LAA	25	1	1	0	0	1.1	6	3	0	0	0	0	1	0	0	0	20.25	4.5
Dan Altavilla	SD	29	2	0	0	0	1.1	1	1	2	0	1	0	0	0	0	0	6.75	0.75
Jesus Tinoco	COL	26	1	0	0	0	1.1	5	5	0	1	3	0	0	0	0	0	33.75	4.5
James Paxton	SEA	33	1	1	0	0	1.1	0	1	2	1	0	0	0	0	0	0	6.75	0.75
Kyle Lobstein	WAS	32	3	0	0	0	1.1	3	3	1	1	1	0	0	0	0	0	20.25	3
Jordan Weems	ARI	29	2	0	0	0	1.1	4	7	3	3	1	0	1	0	1	0	47.25	5.25
Tyler Beede	SF	28	1	0	0	0	1	2	3	2	0	0	0	0	0	0	0	27	2
Colten Brewer	BOS	29	1	0	0	0	1	4	4	1	3	0	0	0	0	0	0	36	7
Phil Bickford	MIL	26	1	0	0	0	1	2	2	0	1	1	0	0	0	0	0	18	3
Sal Romano	MIL	28	1	0	0	0	1	4	3	0	0	1	0	1	0	0	0	27	4
Akeem Bostick	NYM	26	1	0	0	0	1	0	0	0	1	0	0	0	0	0	0	0	1
Dellin Betances	NYM	34	1	0	0	0	1	0	1	1	1	0	0	0	0	0	0	9	1
Ryan Weber	MIL	31	1	0	0	0	1	1	0	0	0	0	0	0	0	0	0	0	1
Blaine Hardy	MIL	35	1	0	0	0	1	3	2	1	1	0	0	1	0	0	0	18	4
Joey Krehbiel	TB	29	1	0	0	0	1	0	0	2	1	0	0	0	0	0	0	0	1
Seranthony Dominguez	PHI	27	1	0	0	0	1	0	0	1	0	0	0	0	0	0	0	0	0
Brandon Waddell	BAL	27	1	0	0	0	1	0	0	0	1	0	0	0	0	0	0	0	1
Zack Burdi	BAL	27	1	0	0	0	1	0	0	1	1	0	0	0	0	0	0	0	1
Vinny Nittoli	SEA	31	1	0	0	0	1	1	2	1	2	1	0	0	0	0	0	18	3
Neftali Feliz	PHI	33	2	0	0	0	1	4	4	2	1	1	0	1	0	1	0	36	5
Nick Allgeyer	TOR	26	1	0	0	0	1	0	0	0	0	0	0	0	0	0	0	0	0
Ty Tice	ATL	25	1	0	0	0	1	1	0	0	1	0	0	0	0	0	0	0	2
Bryan Baker	TOR	27	1	0	0	0	1	1	0	1	0	0	0	0	0	0	0	0	1
Kyle Dohy	PHI	25	1	0	0	0	1	1	0	1	1	0	0	0	0	0	0	0	2
Andres Munoz	SEA	23	1	0	0	0	0.2	0	0	1	2	0	0	0	0	0	0	0	3
Sean Poppen	TB	28	1	0	0	0	0.2	0	0	1	0	0	0	0	0	0	0	0	0
Chaz Roe	TB	35	1	0	0	0	0.2	1	2	2	1	0	0	0	0	0	1	27	3
Carl Edwards	ATL	30	1	0	0	0	0.1	3	3	1	1	1	0	0	0	0	0	81	12
Michael Feliz	OAK	28	1	0	0	0	0.1	1	0	0	1	0	0	0	0	0	0	0	6
Kevin Quackenbush	LAD	33	1	0	0	0	0.1	3	1	1	0	0	0	0	0	0	0	27	9
Damon Jones	PHI	27	1	0	0	0	0.1	1	0	0	2	0	0	0	0	0	0	0	9
Roel Ramirez	STL	26	1	0	0	0	0.1	1	3	0	2	0	0	0	0	0	0	81	9
Kaleb Ort	BOS	30	1	0	0	0	0.1	1	0	0	1	0	0	0	0	0	0	0	6
John Axford	MIL	39	1	0	0	0	0.1	2	2	0	1	0	0	0	0	0	0	54	9